ISO-10303-21;
HEADER;
FILE_DESCRIPTION(('STEP AP214'),
    '1');
FILE_NAME('DS1069 (CWF CONNFLY)',
    '2018-04-27T07:30:30',
    ('Chugay'),
    (''),
    'ASCON STEP Converter 1.3',
    'ASCON Math Kernel',
    '');
FILE_SCHEMA(('AUTOMOTIVE_DESIGN { 1 0 10303 214 3 1 1}'));
ENDSEC;

DATA;
#1=SHAPE_REPRESENTATION('NONE',(#2),#6);
#2=AXIS2_PLACEMENT_3D('',#3,#4,#5);
#3=CARTESIAN_POINT('',(0.,0.,0.));
#4=DIRECTION('',(0.,0.,1.));
#5=DIRECTION('',(1.,0.,0.));
#6=(GEOMETRIC_REPRESENTATION_CONTEXT(3)GLOBAL_UNCERTAINTY_ASSIGNED_CONTEXT((#8))
GLOBAL_UNIT_ASSIGNED_CONTEXT((#7,#9,#10))REPRESENTATION_CONTEXT('NONE','NONE'));
#7=(LENGTH_UNIT()NAMED_UNIT(*)SI_UNIT(.MILLI.,.METRE.));
#8=UNCERTAINTY_MEASURE_WITH_UNIT(LENGTH_MEASURE(1.E-005),#7,'NONE','NONE');
#9=(NAMED_UNIT(*)PLANE_ANGLE_UNIT()SI_UNIT($,.RADIAN.));
#10=(NAMED_UNIT(*)SI_UNIT($,.STERADIAN.)SOLID_ANGLE_UNIT());
#11=SHAPE_DEFINITION_REPRESENTATION(#12,#1);
#12=PRODUCT_DEFINITION_SHAPE('NONE','NONE',#13);
#13=PRODUCT_DEFINITION('','UNSPECIFIED',#14,#22);
#14=PRODUCT_DEFINITION_FORMATION_WITH_SPECIFIED_SOURCE('ANY','UNSPECIFIED',#15,.NOT_KNOWN.);
#15=PRODUCT('','CWF-X','NONE',(#25));
#16=PERSON('UNSPECIFIED','Chugay','UNSPECIFIED',('UNSPECIFIED'),('UNSPECIFIED'),
('UNSPECIFIED'));
#17=ORGANIZATION('UNSPECIFIED','UNSPECIFIED','UNSPECIFIED');
#18=PERSON_AND_ORGANIZATION(#16,#17);
#19=PERSON_AND_ORGANIZATION_ROLE('design_owner');
#20=CC_DESIGN_PERSON_AND_ORGANIZATION_ASSIGNMENT(#18,#19,(#15));
#21=PRODUCT_RELATED_PRODUCT_CATEGORY('detail','',(#15));
#22=DESIGN_CONTEXT('detailed design',#23,'design');
#23=APPLICATION_CONTEXT('configuration controlled 3d designs of mechanical parts and assemblies');
#24=APPLICATION_PROTOCOL_DEFINITION('international standard','automotive_design',
2011,#23);
#25=MECHANICAL_CONTEXT('NONE',#23,'mechanical');
#26=CC_DESIGN_DATE_AND_TIME_ASSIGNMENT(#27,#31,(#13));
#27=DATE_AND_TIME(#28,#29);
#28=CALENDAR_DATE(0,1,1);
#29=LOCAL_TIME(0,0,0.,#30);
#30=COORDINATED_UNIVERSAL_TIME_OFFSET(0,0,.AHEAD.);
#31=DATE_TIME_ROLE('creation_date');
#32=CC_DESIGN_APPROVAL(#33,(#13));
#33=APPROVAL(#34,'UNSPECIFIED');
#34=APPROVAL_STATUS('not_yet_approved');
#35=APPROVAL_DATE_TIME(#36,#33);
#36=DATE_AND_TIME(#37,#38);
#37=CALENDAR_DATE(0,1,1);
#38=LOCAL_TIME(0,0,0.,#39);
#39=COORDINATED_UNIVERSAL_TIME_OFFSET(0,0,.AHEAD.);
#40=DERIVED_UNIT((#44,#41));
#41=DERIVED_UNIT_ELEMENT(#42,-1.);
#42=VOLUME_UNIT(#43);
#43=DIMENSIONAL_EXPONENTS(3.,0.,0.,0.,0.,0.,0.);
#44=(NAMED_UNIT($)MASS_UNIT()SI_UNIT($,.GRAM.));
#45=MANIFOLD_SOLID_BREP('',#46);
#46=CLOSED_SHELL('',(#58,#67,#76,#85,#94,#103,#112,#121,#130,#139,#148,#157,#166,
#175,#184,#193,#202,#211,#220,#229,#238,#247,#256,#265,#274,#283,#292,#301,#310,
#319,#328,#337,#346,#355,#364,#373,#382,#391,#400,#409,#418,#427,#436,#445,#454,
#463,#472,#481,#490,#499,#508,#517,#526,#535,#544,#553,#562,#571,#580,#589,#598,
#607,#616,#625,#634,#643,#652,#661,#670,#679,#688,#697,#706,#715,#724,#733,#742,
#751,#760,#769,#778,#787,#796,#805,#814,#823,#832,#841,#850,#859,#868,#877,#886,
#895,#904,#913,#922,#931,#940,#949,#958,#967,#976,#985,#994,#1003,#1012,#1021,#1030,
#1039,#1048,#1057,#1066,#1075,#1084,#1093,#1102,#1111,#1120,#1129,#1138,#1147,#1156,
#1165,#1174,#1183,#1192,#1201,#1210,#1219,#1228,#1237,#1246,#1255,#1264,#1273,#1282,
#1291,#1300,#1309,#1318,#1327,#1336,#1345,#1354,#1363,#1372,#1381,#1390,#1399,#1408,
#1417,#1426,#1435,#1444,#1453,#1462,#1471,#1480,#1489,#1498,#1507,#1516,#1525,#1534));
#47=COLOUR_RGB($,1.,1.,1.);
#48=FILL_AREA_STYLE_COLOUR($,#47);
#49=FILL_AREA_STYLE($,(#48));
#50=SURFACE_STYLE_FILL_AREA(#49);
#51=SURFACE_SIDE_STYLE('',(#50));
#52=SURFACE_STYLE_USAGE(.BOTH.,#51);
#53=PRESENTATION_STYLE_ASSIGNMENT((#52));
#54=MECHANICAL_DESIGN_GEOMETRIC_PRESENTATION_REPRESENTATION('NONE',(#55,#66,#75,
#84,#93,#102,#111,#120,#129,#138,#147,#156,#165,#174,#183,#192,#201,#210,#219,#228,
#237,#246,#255,#264,#273,#282,#291,#300,#309,#318,#327,#336,#345,#354,#363,#372,
#381,#390,#399,#408,#417,#426,#435,#444,#453,#462,#471,#480,#489,#498,#507,#516,
#525,#534,#543,#552,#561,#570,#579,#588,#597,#606,#615,#624,#633,#642,#651,#660,
#669,#678,#687,#696,#705,#714,#723,#732,#741,#750,#759,#768,#777,#786,#795,#804,
#813,#822,#831,#840,#849,#858,#867,#876,#885,#894,#903,#912,#921,#930,#939,#948,
#957,#966,#975,#984,#993,#1002,#1011,#1020,#1029,#1038,#1047,#1056,#1065,#1074,#1083,
#1092,#1101,#1110,#1119,#1128,#1137,#1146,#1155,#1164,#1173,#1182,#1191,#1200,#1209,
#1218,#1227,#1236,#1245,#1254,#1263,#1272,#1281,#1290,#1299,#1308,#1317,#1326,#1335,
#1344,#1353,#1362,#1371,#1380,#1389,#1398,#1407,#1416,#1425,#1434,#1443,#1452,#1461,
#1470,#1479,#1488,#1497,#1506,#1515,#1524,#1533,#1542),#6);
#55=STYLED_ITEM('',(#53),#45);
#56=ADVANCED_BREP_SHAPE_REPRESENTATION('NONE',(#45),#6);
#57=SHAPE_REPRESENTATION_RELATIONSHIP('','',#1,#56);
#58=ADVANCED_FACE('',(#1543),#1545,.F.);
#59=COLOUR_RGB($,1.,1.,1.);
#60=FILL_AREA_STYLE_COLOUR($,#59);
#61=FILL_AREA_STYLE($,(#60));
#62=SURFACE_STYLE_FILL_AREA(#61);
#63=SURFACE_SIDE_STYLE('',(#62));
#64=SURFACE_STYLE_USAGE(.BOTH.,#63);
#65=PRESENTATION_STYLE_ASSIGNMENT((#64));
#66=STYLED_ITEM('',(#65),#58);
#67=ADVANCED_FACE('',(#1550),#1552,.T.);
#68=COLOUR_RGB($,1.,1.,1.);
#69=FILL_AREA_STYLE_COLOUR($,#68);
#70=FILL_AREA_STYLE($,(#69));
#71=SURFACE_STYLE_FILL_AREA(#70);
#72=SURFACE_SIDE_STYLE('',(#71));
#73=SURFACE_STYLE_USAGE(.BOTH.,#72);
#74=PRESENTATION_STYLE_ASSIGNMENT((#73));
#75=STYLED_ITEM('',(#74),#67);
#76=ADVANCED_FACE('',(#1557),#1559,.T.);
#77=COLOUR_RGB($,1.,1.,1.);
#78=FILL_AREA_STYLE_COLOUR($,#77);
#79=FILL_AREA_STYLE($,(#78));
#80=SURFACE_STYLE_FILL_AREA(#79);
#81=SURFACE_SIDE_STYLE('',(#80));
#82=SURFACE_STYLE_USAGE(.BOTH.,#81);
#83=PRESENTATION_STYLE_ASSIGNMENT((#82));
#84=STYLED_ITEM('',(#83),#76);
#85=ADVANCED_FACE('',(#1564),#1566,.T.);
#86=COLOUR_RGB($,1.,1.,1.);
#87=FILL_AREA_STYLE_COLOUR($,#86);
#88=FILL_AREA_STYLE($,(#87));
#89=SURFACE_STYLE_FILL_AREA(#88);
#90=SURFACE_SIDE_STYLE('',(#89));
#91=SURFACE_STYLE_USAGE(.BOTH.,#90);
#92=PRESENTATION_STYLE_ASSIGNMENT((#91));
#93=STYLED_ITEM('',(#92),#85);
#94=ADVANCED_FACE('',(#1571),#1573,.F.);
#95=COLOUR_RGB($,1.,1.,1.);
#96=FILL_AREA_STYLE_COLOUR($,#95);
#97=FILL_AREA_STYLE($,(#96));
#98=SURFACE_STYLE_FILL_AREA(#97);
#99=SURFACE_SIDE_STYLE('',(#98));
#100=SURFACE_STYLE_USAGE(.BOTH.,#99);
#101=PRESENTATION_STYLE_ASSIGNMENT((#100));
#102=STYLED_ITEM('',(#101),#94);
#103=ADVANCED_FACE('',(#1578),#1580,.F.);
#104=COLOUR_RGB($,1.,1.,1.);
#105=FILL_AREA_STYLE_COLOUR($,#104);
#106=FILL_AREA_STYLE($,(#105));
#107=SURFACE_STYLE_FILL_AREA(#106);
#108=SURFACE_SIDE_STYLE('',(#107));
#109=SURFACE_STYLE_USAGE(.BOTH.,#108);
#110=PRESENTATION_STYLE_ASSIGNMENT((#109));
#111=STYLED_ITEM('',(#110),#103);
#112=ADVANCED_FACE('',(#1585),#1587,.F.);
#113=COLOUR_RGB($,1.,1.,1.);
#114=FILL_AREA_STYLE_COLOUR($,#113);
#115=FILL_AREA_STYLE($,(#114));
#116=SURFACE_STYLE_FILL_AREA(#115);
#117=SURFACE_SIDE_STYLE('',(#116));
#118=SURFACE_STYLE_USAGE(.BOTH.,#117);
#119=PRESENTATION_STYLE_ASSIGNMENT((#118));
#120=STYLED_ITEM('',(#119),#112);
#121=ADVANCED_FACE('',(#1592),#1594,.F.);
#122=COLOUR_RGB($,1.,1.,1.);
#123=FILL_AREA_STYLE_COLOUR($,#122);
#124=FILL_AREA_STYLE($,(#123));
#125=SURFACE_STYLE_FILL_AREA(#124);
#126=SURFACE_SIDE_STYLE('',(#125));
#127=SURFACE_STYLE_USAGE(.BOTH.,#126);
#128=PRESENTATION_STYLE_ASSIGNMENT((#127));
#129=STYLED_ITEM('',(#128),#121);
#130=ADVANCED_FACE('',(#1599),#1601,.F.);
#131=COLOUR_RGB($,1.,1.,1.);
#132=FILL_AREA_STYLE_COLOUR($,#131);
#133=FILL_AREA_STYLE($,(#132));
#134=SURFACE_STYLE_FILL_AREA(#133);
#135=SURFACE_SIDE_STYLE('',(#134));
#136=SURFACE_STYLE_USAGE(.BOTH.,#135);
#137=PRESENTATION_STYLE_ASSIGNMENT((#136));
#138=STYLED_ITEM('',(#137),#130);
#139=ADVANCED_FACE('',(#1606),#1608,.F.);
#140=COLOUR_RGB($,1.,1.,1.);
#141=FILL_AREA_STYLE_COLOUR($,#140);
#142=FILL_AREA_STYLE($,(#141));
#143=SURFACE_STYLE_FILL_AREA(#142);
#144=SURFACE_SIDE_STYLE('',(#143));
#145=SURFACE_STYLE_USAGE(.BOTH.,#144);
#146=PRESENTATION_STYLE_ASSIGNMENT((#145));
#147=STYLED_ITEM('',(#146),#139);
#148=ADVANCED_FACE('',(#1613),#1615,.T.);
#149=COLOUR_RGB($,1.,1.,1.);
#150=FILL_AREA_STYLE_COLOUR($,#149);
#151=FILL_AREA_STYLE($,(#150));
#152=SURFACE_STYLE_FILL_AREA(#151);
#153=SURFACE_SIDE_STYLE('',(#152));
#154=SURFACE_STYLE_USAGE(.BOTH.,#153);
#155=PRESENTATION_STYLE_ASSIGNMENT((#154));
#156=STYLED_ITEM('',(#155),#148);
#157=ADVANCED_FACE('',(#1620),#1622,.F.);
#158=COLOUR_RGB($,1.,1.,1.);
#159=FILL_AREA_STYLE_COLOUR($,#158);
#160=FILL_AREA_STYLE($,(#159));
#161=SURFACE_STYLE_FILL_AREA(#160);
#162=SURFACE_SIDE_STYLE('',(#161));
#163=SURFACE_STYLE_USAGE(.BOTH.,#162);
#164=PRESENTATION_STYLE_ASSIGNMENT((#163));
#165=STYLED_ITEM('',(#164),#157);
#166=ADVANCED_FACE('',(#1627),#1629,.F.);
#167=COLOUR_RGB($,1.,1.,1.);
#168=FILL_AREA_STYLE_COLOUR($,#167);
#169=FILL_AREA_STYLE($,(#168));
#170=SURFACE_STYLE_FILL_AREA(#169);
#171=SURFACE_SIDE_STYLE('',(#170));
#172=SURFACE_STYLE_USAGE(.BOTH.,#171);
#173=PRESENTATION_STYLE_ASSIGNMENT((#172));
#174=STYLED_ITEM('',(#173),#166);
#175=ADVANCED_FACE('',(#1634,#1636,#1638,#1640,#1642,#1644,#1646),#1648,.T.);
#176=COLOUR_RGB($,1.,1.,1.);
#177=FILL_AREA_STYLE_COLOUR($,#176);
#178=FILL_AREA_STYLE($,(#177));
#179=SURFACE_STYLE_FILL_AREA(#178);
#180=SURFACE_SIDE_STYLE('',(#179));
#181=SURFACE_STYLE_USAGE(.BOTH.,#180);
#182=PRESENTATION_STYLE_ASSIGNMENT((#181));
#183=STYLED_ITEM('',(#182),#175);
#184=ADVANCED_FACE('',(#1653),#1655,.F.);
#185=COLOUR_RGB($,1.,1.,1.);
#186=FILL_AREA_STYLE_COLOUR($,#185);
#187=FILL_AREA_STYLE($,(#186));
#188=SURFACE_STYLE_FILL_AREA(#187);
#189=SURFACE_SIDE_STYLE('',(#188));
#190=SURFACE_STYLE_USAGE(.BOTH.,#189);
#191=PRESENTATION_STYLE_ASSIGNMENT((#190));
#192=STYLED_ITEM('',(#191),#184);
#193=ADVANCED_FACE('',(#1660),#1662,.F.);
#194=COLOUR_RGB($,1.,1.,1.);
#195=FILL_AREA_STYLE_COLOUR($,#194);
#196=FILL_AREA_STYLE($,(#195));
#197=SURFACE_STYLE_FILL_AREA(#196);
#198=SURFACE_SIDE_STYLE('',(#197));
#199=SURFACE_STYLE_USAGE(.BOTH.,#198);
#200=PRESENTATION_STYLE_ASSIGNMENT((#199));
#201=STYLED_ITEM('',(#200),#193);
#202=ADVANCED_FACE('',(#1667),#1669,.T.);
#203=COLOUR_RGB($,1.,1.,1.);
#204=FILL_AREA_STYLE_COLOUR($,#203);
#205=FILL_AREA_STYLE($,(#204));
#206=SURFACE_STYLE_FILL_AREA(#205);
#207=SURFACE_SIDE_STYLE('',(#206));
#208=SURFACE_STYLE_USAGE(.BOTH.,#207);
#209=PRESENTATION_STYLE_ASSIGNMENT((#208));
#210=STYLED_ITEM('',(#209),#202);
#211=ADVANCED_FACE('',(#1674),#1676,.T.);
#212=COLOUR_RGB($,1.,1.,1.);
#213=FILL_AREA_STYLE_COLOUR($,#212);
#214=FILL_AREA_STYLE($,(#213));
#215=SURFACE_STYLE_FILL_AREA(#214);
#216=SURFACE_SIDE_STYLE('',(#215));
#217=SURFACE_STYLE_USAGE(.BOTH.,#216);
#218=PRESENTATION_STYLE_ASSIGNMENT((#217));
#219=STYLED_ITEM('',(#218),#211);
#220=ADVANCED_FACE('',(#1681),#1683,.F.);
#221=COLOUR_RGB($,1.,1.,1.);
#222=FILL_AREA_STYLE_COLOUR($,#221);
#223=FILL_AREA_STYLE($,(#222));
#224=SURFACE_STYLE_FILL_AREA(#223);
#225=SURFACE_SIDE_STYLE('',(#224));
#226=SURFACE_STYLE_USAGE(.BOTH.,#225);
#227=PRESENTATION_STYLE_ASSIGNMENT((#226));
#228=STYLED_ITEM('',(#227),#220);
#229=ADVANCED_FACE('',(#1688),#1690,.F.);
#230=COLOUR_RGB($,1.,1.,1.);
#231=FILL_AREA_STYLE_COLOUR($,#230);
#232=FILL_AREA_STYLE($,(#231));
#233=SURFACE_STYLE_FILL_AREA(#232);
#234=SURFACE_SIDE_STYLE('',(#233));
#235=SURFACE_STYLE_USAGE(.BOTH.,#234);
#236=PRESENTATION_STYLE_ASSIGNMENT((#235));
#237=STYLED_ITEM('',(#236),#229);
#238=ADVANCED_FACE('',(#1695),#1697,.F.);
#239=COLOUR_RGB($,1.,1.,1.);
#240=FILL_AREA_STYLE_COLOUR($,#239);
#241=FILL_AREA_STYLE($,(#240));
#242=SURFACE_STYLE_FILL_AREA(#241);
#243=SURFACE_SIDE_STYLE('',(#242));
#244=SURFACE_STYLE_USAGE(.BOTH.,#243);
#245=PRESENTATION_STYLE_ASSIGNMENT((#244));
#246=STYLED_ITEM('',(#245),#238);
#247=ADVANCED_FACE('',(#1702),#1704,.F.);
#248=COLOUR_RGB($,1.,1.,1.);
#249=FILL_AREA_STYLE_COLOUR($,#248);
#250=FILL_AREA_STYLE($,(#249));
#251=SURFACE_STYLE_FILL_AREA(#250);
#252=SURFACE_SIDE_STYLE('',(#251));
#253=SURFACE_STYLE_USAGE(.BOTH.,#252);
#254=PRESENTATION_STYLE_ASSIGNMENT((#253));
#255=STYLED_ITEM('',(#254),#247);
#256=ADVANCED_FACE('',(#1709),#1711,.F.);
#257=COLOUR_RGB($,1.,1.,1.);
#258=FILL_AREA_STYLE_COLOUR($,#257);
#259=FILL_AREA_STYLE($,(#258));
#260=SURFACE_STYLE_FILL_AREA(#259);
#261=SURFACE_SIDE_STYLE('',(#260));
#262=SURFACE_STYLE_USAGE(.BOTH.,#261);
#263=PRESENTATION_STYLE_ASSIGNMENT((#262));
#264=STYLED_ITEM('',(#263),#256);
#265=ADVANCED_FACE('',(#1716),#1718,.F.);
#266=COLOUR_RGB($,1.,1.,1.);
#267=FILL_AREA_STYLE_COLOUR($,#266);
#268=FILL_AREA_STYLE($,(#267));
#269=SURFACE_STYLE_FILL_AREA(#268);
#270=SURFACE_SIDE_STYLE('',(#269));
#271=SURFACE_STYLE_USAGE(.BOTH.,#270);
#272=PRESENTATION_STYLE_ASSIGNMENT((#271));
#273=STYLED_ITEM('',(#272),#265);
#274=ADVANCED_FACE('',(#1723),#1725,.F.);
#275=COLOUR_RGB($,1.,1.,1.);
#276=FILL_AREA_STYLE_COLOUR($,#275);
#277=FILL_AREA_STYLE($,(#276));
#278=SURFACE_STYLE_FILL_AREA(#277);
#279=SURFACE_SIDE_STYLE('',(#278));
#280=SURFACE_STYLE_USAGE(.BOTH.,#279);
#281=PRESENTATION_STYLE_ASSIGNMENT((#280));
#282=STYLED_ITEM('',(#281),#274);
#283=ADVANCED_FACE('',(#1730),#1732,.F.);
#284=COLOUR_RGB($,1.,1.,1.);
#285=FILL_AREA_STYLE_COLOUR($,#284);
#286=FILL_AREA_STYLE($,(#285));
#287=SURFACE_STYLE_FILL_AREA(#286);
#288=SURFACE_SIDE_STYLE('',(#287));
#289=SURFACE_STYLE_USAGE(.BOTH.,#288);
#290=PRESENTATION_STYLE_ASSIGNMENT((#289));
#291=STYLED_ITEM('',(#290),#283);
#292=ADVANCED_FACE('',(#1737,#1739),#1741,.T.);
#293=COLOUR_RGB($,1.,1.,1.);
#294=FILL_AREA_STYLE_COLOUR($,#293);
#295=FILL_AREA_STYLE($,(#294));
#296=SURFACE_STYLE_FILL_AREA(#295);
#297=SURFACE_SIDE_STYLE('',(#296));
#298=SURFACE_STYLE_USAGE(.BOTH.,#297);
#299=PRESENTATION_STYLE_ASSIGNMENT((#298));
#300=STYLED_ITEM('',(#299),#292);
#301=ADVANCED_FACE('',(#1746),#1748,.F.);
#302=COLOUR_RGB($,1.,1.,1.);
#303=FILL_AREA_STYLE_COLOUR($,#302);
#304=FILL_AREA_STYLE($,(#303));
#305=SURFACE_STYLE_FILL_AREA(#304);
#306=SURFACE_SIDE_STYLE('',(#305));
#307=SURFACE_STYLE_USAGE(.BOTH.,#306);
#308=PRESENTATION_STYLE_ASSIGNMENT((#307));
#309=STYLED_ITEM('',(#308),#301);
#310=ADVANCED_FACE('',(#1753),#1755,.F.);
#311=COLOUR_RGB($,1.,1.,1.);
#312=FILL_AREA_STYLE_COLOUR($,#311);
#313=FILL_AREA_STYLE($,(#312));
#314=SURFACE_STYLE_FILL_AREA(#313);
#315=SURFACE_SIDE_STYLE('',(#314));
#316=SURFACE_STYLE_USAGE(.BOTH.,#315);
#317=PRESENTATION_STYLE_ASSIGNMENT((#316));
#318=STYLED_ITEM('',(#317),#310);
#319=ADVANCED_FACE('',(#1760),#1762,.F.);
#320=COLOUR_RGB($,1.,1.,1.);
#321=FILL_AREA_STYLE_COLOUR($,#320);
#322=FILL_AREA_STYLE($,(#321));
#323=SURFACE_STYLE_FILL_AREA(#322);
#324=SURFACE_SIDE_STYLE('',(#323));
#325=SURFACE_STYLE_USAGE(.BOTH.,#324);
#326=PRESENTATION_STYLE_ASSIGNMENT((#325));
#327=STYLED_ITEM('',(#326),#319);
#328=ADVANCED_FACE('',(#1767,#1769),#1771,.T.);
#329=COLOUR_RGB($,1.,1.,1.);
#330=FILL_AREA_STYLE_COLOUR($,#329);
#331=FILL_AREA_STYLE($,(#330));
#332=SURFACE_STYLE_FILL_AREA(#331);
#333=SURFACE_SIDE_STYLE('',(#332));
#334=SURFACE_STYLE_USAGE(.BOTH.,#333);
#335=PRESENTATION_STYLE_ASSIGNMENT((#334));
#336=STYLED_ITEM('',(#335),#328);
#337=ADVANCED_FACE('',(#1776),#1778,.F.);
#338=COLOUR_RGB($,1.,1.,1.);
#339=FILL_AREA_STYLE_COLOUR($,#338);
#340=FILL_AREA_STYLE($,(#339));
#341=SURFACE_STYLE_FILL_AREA(#340);
#342=SURFACE_SIDE_STYLE('',(#341));
#343=SURFACE_STYLE_USAGE(.BOTH.,#342);
#344=PRESENTATION_STYLE_ASSIGNMENT((#343));
#345=STYLED_ITEM('',(#344),#337);
#346=ADVANCED_FACE('',(#1783),#1785,.F.);
#347=COLOUR_RGB($,1.,1.,1.);
#348=FILL_AREA_STYLE_COLOUR($,#347);
#349=FILL_AREA_STYLE($,(#348));
#350=SURFACE_STYLE_FILL_AREA(#349);
#351=SURFACE_SIDE_STYLE('',(#350));
#352=SURFACE_STYLE_USAGE(.BOTH.,#351);
#353=PRESENTATION_STYLE_ASSIGNMENT((#352));
#354=STYLED_ITEM('',(#353),#346);
#355=ADVANCED_FACE('',(#1790),#1792,.F.);
#356=COLOUR_RGB($,1.,1.,1.);
#357=FILL_AREA_STYLE_COLOUR($,#356);
#358=FILL_AREA_STYLE($,(#357));
#359=SURFACE_STYLE_FILL_AREA(#358);
#360=SURFACE_SIDE_STYLE('',(#359));
#361=SURFACE_STYLE_USAGE(.BOTH.,#360);
#362=PRESENTATION_STYLE_ASSIGNMENT((#361));
#363=STYLED_ITEM('',(#362),#355);
#364=ADVANCED_FACE('',(#1797,#1799),#1801,.T.);
#365=COLOUR_RGB($,1.,1.,1.);
#366=FILL_AREA_STYLE_COLOUR($,#365);
#367=FILL_AREA_STYLE($,(#366));
#368=SURFACE_STYLE_FILL_AREA(#367);
#369=SURFACE_SIDE_STYLE('',(#368));
#370=SURFACE_STYLE_USAGE(.BOTH.,#369);
#371=PRESENTATION_STYLE_ASSIGNMENT((#370));
#372=STYLED_ITEM('',(#371),#364);
#373=ADVANCED_FACE('',(#1806),#1808,.F.);
#374=COLOUR_RGB($,1.,1.,1.);
#375=FILL_AREA_STYLE_COLOUR($,#374);
#376=FILL_AREA_STYLE($,(#375));
#377=SURFACE_STYLE_FILL_AREA(#376);
#378=SURFACE_SIDE_STYLE('',(#377));
#379=SURFACE_STYLE_USAGE(.BOTH.,#378);
#380=PRESENTATION_STYLE_ASSIGNMENT((#379));
#381=STYLED_ITEM('',(#380),#373);
#382=ADVANCED_FACE('',(#1813),#1815,.F.);
#383=COLOUR_RGB($,1.,1.,1.);
#384=FILL_AREA_STYLE_COLOUR($,#383);
#385=FILL_AREA_STYLE($,(#384));
#386=SURFACE_STYLE_FILL_AREA(#385);
#387=SURFACE_SIDE_STYLE('',(#386));
#388=SURFACE_STYLE_USAGE(.BOTH.,#387);
#389=PRESENTATION_STYLE_ASSIGNMENT((#388));
#390=STYLED_ITEM('',(#389),#382);
#391=ADVANCED_FACE('',(#1820),#1822,.F.);
#392=COLOUR_RGB($,1.,1.,1.);
#393=FILL_AREA_STYLE_COLOUR($,#392);
#394=FILL_AREA_STYLE($,(#393));
#395=SURFACE_STYLE_FILL_AREA(#394);
#396=SURFACE_SIDE_STYLE('',(#395));
#397=SURFACE_STYLE_USAGE(.BOTH.,#396);
#398=PRESENTATION_STYLE_ASSIGNMENT((#397));
#399=STYLED_ITEM('',(#398),#391);
#400=ADVANCED_FACE('',(#1827,#1829),#1831,.T.);
#401=COLOUR_RGB($,1.,1.,1.);
#402=FILL_AREA_STYLE_COLOUR($,#401);
#403=FILL_AREA_STYLE($,(#402));
#404=SURFACE_STYLE_FILL_AREA(#403);
#405=SURFACE_SIDE_STYLE('',(#404));
#406=SURFACE_STYLE_USAGE(.BOTH.,#405);
#407=PRESENTATION_STYLE_ASSIGNMENT((#406));
#408=STYLED_ITEM('',(#407),#400);
#409=ADVANCED_FACE('',(#1836),#1838,.F.);
#410=COLOUR_RGB($,1.,1.,1.);
#411=FILL_AREA_STYLE_COLOUR($,#410);
#412=FILL_AREA_STYLE($,(#411));
#413=SURFACE_STYLE_FILL_AREA(#412);
#414=SURFACE_SIDE_STYLE('',(#413));
#415=SURFACE_STYLE_USAGE(.BOTH.,#414);
#416=PRESENTATION_STYLE_ASSIGNMENT((#415));
#417=STYLED_ITEM('',(#416),#409);
#418=ADVANCED_FACE('',(#1843),#1845,.F.);
#419=COLOUR_RGB($,1.,1.,1.);
#420=FILL_AREA_STYLE_COLOUR($,#419);
#421=FILL_AREA_STYLE($,(#420));
#422=SURFACE_STYLE_FILL_AREA(#421);
#423=SURFACE_SIDE_STYLE('',(#422));
#424=SURFACE_STYLE_USAGE(.BOTH.,#423);
#425=PRESENTATION_STYLE_ASSIGNMENT((#424));
#426=STYLED_ITEM('',(#425),#418);
#427=ADVANCED_FACE('',(#1850),#1852,.F.);
#428=COLOUR_RGB($,1.,1.,1.);
#429=FILL_AREA_STYLE_COLOUR($,#428);
#430=FILL_AREA_STYLE($,(#429));
#431=SURFACE_STYLE_FILL_AREA(#430);
#432=SURFACE_SIDE_STYLE('',(#431));
#433=SURFACE_STYLE_USAGE(.BOTH.,#432);
#434=PRESENTATION_STYLE_ASSIGNMENT((#433));
#435=STYLED_ITEM('',(#434),#427);
#436=ADVANCED_FACE('',(#1857,#1859),#1861,.T.);
#437=COLOUR_RGB($,1.,1.,1.);
#438=FILL_AREA_STYLE_COLOUR($,#437);
#439=FILL_AREA_STYLE($,(#438));
#440=SURFACE_STYLE_FILL_AREA(#439);
#441=SURFACE_SIDE_STYLE('',(#440));
#442=SURFACE_STYLE_USAGE(.BOTH.,#441);
#443=PRESENTATION_STYLE_ASSIGNMENT((#442));
#444=STYLED_ITEM('',(#443),#436);
#445=ADVANCED_FACE('',(#1866),#1868,.F.);
#446=COLOUR_RGB($,1.,1.,1.);
#447=FILL_AREA_STYLE_COLOUR($,#446);
#448=FILL_AREA_STYLE($,(#447));
#449=SURFACE_STYLE_FILL_AREA(#448);
#450=SURFACE_SIDE_STYLE('',(#449));
#451=SURFACE_STYLE_USAGE(.BOTH.,#450);
#452=PRESENTATION_STYLE_ASSIGNMENT((#451));
#453=STYLED_ITEM('',(#452),#445);
#454=ADVANCED_FACE('',(#1873),#1875,.F.);
#455=COLOUR_RGB($,1.,1.,1.);
#456=FILL_AREA_STYLE_COLOUR($,#455);
#457=FILL_AREA_STYLE($,(#456));
#458=SURFACE_STYLE_FILL_AREA(#457);
#459=SURFACE_SIDE_STYLE('',(#458));
#460=SURFACE_STYLE_USAGE(.BOTH.,#459);
#461=PRESENTATION_STYLE_ASSIGNMENT((#460));
#462=STYLED_ITEM('',(#461),#454);
#463=ADVANCED_FACE('',(#1880),#1882,.F.);
#464=COLOUR_RGB($,1.,1.,1.);
#465=FILL_AREA_STYLE_COLOUR($,#464);
#466=FILL_AREA_STYLE($,(#465));
#467=SURFACE_STYLE_FILL_AREA(#466);
#468=SURFACE_SIDE_STYLE('',(#467));
#469=SURFACE_STYLE_USAGE(.BOTH.,#468);
#470=PRESENTATION_STYLE_ASSIGNMENT((#469));
#471=STYLED_ITEM('',(#470),#463);
#472=ADVANCED_FACE('',(#1887,#1889),#1891,.T.);
#473=COLOUR_RGB($,1.,1.,1.);
#474=FILL_AREA_STYLE_COLOUR($,#473);
#475=FILL_AREA_STYLE($,(#474));
#476=SURFACE_STYLE_FILL_AREA(#475);
#477=SURFACE_SIDE_STYLE('',(#476));
#478=SURFACE_STYLE_USAGE(.BOTH.,#477);
#479=PRESENTATION_STYLE_ASSIGNMENT((#478));
#480=STYLED_ITEM('',(#479),#472);
#481=ADVANCED_FACE('',(#1896),#1898,.F.);
#482=COLOUR_RGB($,1.,1.,1.);
#483=FILL_AREA_STYLE_COLOUR($,#482);
#484=FILL_AREA_STYLE($,(#483));
#485=SURFACE_STYLE_FILL_AREA(#484);
#486=SURFACE_SIDE_STYLE('',(#485));
#487=SURFACE_STYLE_USAGE(.BOTH.,#486);
#488=PRESENTATION_STYLE_ASSIGNMENT((#487));
#489=STYLED_ITEM('',(#488),#481);
#490=ADVANCED_FACE('',(#1903),#1905,.F.);
#491=COLOUR_RGB($,1.,1.,1.);
#492=FILL_AREA_STYLE_COLOUR($,#491);
#493=FILL_AREA_STYLE($,(#492));
#494=SURFACE_STYLE_FILL_AREA(#493);
#495=SURFACE_SIDE_STYLE('',(#494));
#496=SURFACE_STYLE_USAGE(.BOTH.,#495);
#497=PRESENTATION_STYLE_ASSIGNMENT((#496));
#498=STYLED_ITEM('',(#497),#490);
#499=ADVANCED_FACE('',(#1910),#1912,.F.);
#500=COLOUR_RGB($,1.,1.,1.);
#501=FILL_AREA_STYLE_COLOUR($,#500);
#502=FILL_AREA_STYLE($,(#501));
#503=SURFACE_STYLE_FILL_AREA(#502);
#504=SURFACE_SIDE_STYLE('',(#503));
#505=SURFACE_STYLE_USAGE(.BOTH.,#504);
#506=PRESENTATION_STYLE_ASSIGNMENT((#505));
#507=STYLED_ITEM('',(#506),#499);
#508=ADVANCED_FACE('',(#1917),#1919,.T.);
#509=COLOUR_RGB($,1.,1.,1.);
#510=FILL_AREA_STYLE_COLOUR($,#509);
#511=FILL_AREA_STYLE($,(#510));
#512=SURFACE_STYLE_FILL_AREA(#511);
#513=SURFACE_SIDE_STYLE('',(#512));
#514=SURFACE_STYLE_USAGE(.BOTH.,#513);
#515=PRESENTATION_STYLE_ASSIGNMENT((#514));
#516=STYLED_ITEM('',(#515),#508);
#517=ADVANCED_FACE('',(#1924),#1926,.T.);
#518=COLOUR_RGB($,1.,1.,1.);
#519=FILL_AREA_STYLE_COLOUR($,#518);
#520=FILL_AREA_STYLE($,(#519));
#521=SURFACE_STYLE_FILL_AREA(#520);
#522=SURFACE_SIDE_STYLE('',(#521));
#523=SURFACE_STYLE_USAGE(.BOTH.,#522);
#524=PRESENTATION_STYLE_ASSIGNMENT((#523));
#525=STYLED_ITEM('',(#524),#517);
#526=ADVANCED_FACE('',(#1931),#1933,.F.);
#527=COLOUR_RGB($,1.,1.,1.);
#528=FILL_AREA_STYLE_COLOUR($,#527);
#529=FILL_AREA_STYLE($,(#528));
#530=SURFACE_STYLE_FILL_AREA(#529);
#531=SURFACE_SIDE_STYLE('',(#530));
#532=SURFACE_STYLE_USAGE(.BOTH.,#531);
#533=PRESENTATION_STYLE_ASSIGNMENT((#532));
#534=STYLED_ITEM('',(#533),#526);
#535=ADVANCED_FACE('',(#1938),#1940,.F.);
#536=COLOUR_RGB($,1.,1.,1.);
#537=FILL_AREA_STYLE_COLOUR($,#536);
#538=FILL_AREA_STYLE($,(#537));
#539=SURFACE_STYLE_FILL_AREA(#538);
#540=SURFACE_SIDE_STYLE('',(#539));
#541=SURFACE_STYLE_USAGE(.BOTH.,#540);
#542=PRESENTATION_STYLE_ASSIGNMENT((#541));
#543=STYLED_ITEM('',(#542),#535);
#544=ADVANCED_FACE('',(#1945),#1947,.T.);
#545=COLOUR_RGB($,1.,0.843137254901961,0.);
#546=FILL_AREA_STYLE_COLOUR($,#545);
#547=FILL_AREA_STYLE($,(#546));
#548=SURFACE_STYLE_FILL_AREA(#547);
#549=SURFACE_SIDE_STYLE('',(#548));
#550=SURFACE_STYLE_USAGE(.BOTH.,#549);
#551=PRESENTATION_STYLE_ASSIGNMENT((#550));
#552=STYLED_ITEM('',(#551),#544);
#553=ADVANCED_FACE('',(#1952),#1954,.T.);
#554=COLOUR_RGB($,1.,0.843137254901961,0.);
#555=FILL_AREA_STYLE_COLOUR($,#554);
#556=FILL_AREA_STYLE($,(#555));
#557=SURFACE_STYLE_FILL_AREA(#556);
#558=SURFACE_SIDE_STYLE('',(#557));
#559=SURFACE_STYLE_USAGE(.BOTH.,#558);
#560=PRESENTATION_STYLE_ASSIGNMENT((#559));
#561=STYLED_ITEM('',(#560),#553);
#562=ADVANCED_FACE('',(#1959),#1961,.T.);
#563=COLOUR_RGB($,1.,0.843137254901961,0.);
#564=FILL_AREA_STYLE_COLOUR($,#563);
#565=FILL_AREA_STYLE($,(#564));
#566=SURFACE_STYLE_FILL_AREA(#565);
#567=SURFACE_SIDE_STYLE('',(#566));
#568=SURFACE_STYLE_USAGE(.BOTH.,#567);
#569=PRESENTATION_STYLE_ASSIGNMENT((#568));
#570=STYLED_ITEM('',(#569),#562);
#571=ADVANCED_FACE('',(#1966),#1968,.T.);
#572=COLOUR_RGB($,1.,0.843137254901961,0.);
#573=FILL_AREA_STYLE_COLOUR($,#572);
#574=FILL_AREA_STYLE($,(#573));
#575=SURFACE_STYLE_FILL_AREA(#574);
#576=SURFACE_SIDE_STYLE('',(#575));
#577=SURFACE_STYLE_USAGE(.BOTH.,#576);
#578=PRESENTATION_STYLE_ASSIGNMENT((#577));
#579=STYLED_ITEM('',(#578),#571);
#580=ADVANCED_FACE('',(#1973),#1975,.T.);
#581=COLOUR_RGB($,1.,0.843137254901961,0.);
#582=FILL_AREA_STYLE_COLOUR($,#581);
#583=FILL_AREA_STYLE($,(#582));
#584=SURFACE_STYLE_FILL_AREA(#583);
#585=SURFACE_SIDE_STYLE('',(#584));
#586=SURFACE_STYLE_USAGE(.BOTH.,#585);
#587=PRESENTATION_STYLE_ASSIGNMENT((#586));
#588=STYLED_ITEM('',(#587),#580);
#589=ADVANCED_FACE('',(#1980),#1982,.T.);
#590=COLOUR_RGB($,1.,0.843137254901961,0.);
#591=FILL_AREA_STYLE_COLOUR($,#590);
#592=FILL_AREA_STYLE($,(#591));
#593=SURFACE_STYLE_FILL_AREA(#592);
#594=SURFACE_SIDE_STYLE('',(#593));
#595=SURFACE_STYLE_USAGE(.BOTH.,#594);
#596=PRESENTATION_STYLE_ASSIGNMENT((#595));
#597=STYLED_ITEM('',(#596),#589);
#598=ADVANCED_FACE('',(#1987),#1989,.T.);
#599=COLOUR_RGB($,1.,0.843137254901961,0.);
#600=FILL_AREA_STYLE_COLOUR($,#599);
#601=FILL_AREA_STYLE($,(#600));
#602=SURFACE_STYLE_FILL_AREA(#601);
#603=SURFACE_SIDE_STYLE('',(#602));
#604=SURFACE_STYLE_USAGE(.BOTH.,#603);
#605=PRESENTATION_STYLE_ASSIGNMENT((#604));
#606=STYLED_ITEM('',(#605),#598);
#607=ADVANCED_FACE('',(#1994),#1996,.T.);
#608=COLOUR_RGB($,1.,0.843137254901961,0.);
#609=FILL_AREA_STYLE_COLOUR($,#608);
#610=FILL_AREA_STYLE($,(#609));
#611=SURFACE_STYLE_FILL_AREA(#610);
#612=SURFACE_SIDE_STYLE('',(#611));
#613=SURFACE_STYLE_USAGE(.BOTH.,#612);
#614=PRESENTATION_STYLE_ASSIGNMENT((#613));
#615=STYLED_ITEM('',(#614),#607);
#616=ADVANCED_FACE('',(#2001),#2003,.T.);
#617=COLOUR_RGB($,1.,0.843137254901961,0.);
#618=FILL_AREA_STYLE_COLOUR($,#617);
#619=FILL_AREA_STYLE($,(#618));
#620=SURFACE_STYLE_FILL_AREA(#619);
#621=SURFACE_SIDE_STYLE('',(#620));
#622=SURFACE_STYLE_USAGE(.BOTH.,#621);
#623=PRESENTATION_STYLE_ASSIGNMENT((#622));
#624=STYLED_ITEM('',(#623),#616);
#625=ADVANCED_FACE('',(#2008),#2010,.T.);
#626=COLOUR_RGB($,1.,0.843137254901961,0.);
#627=FILL_AREA_STYLE_COLOUR($,#626);
#628=FILL_AREA_STYLE($,(#627));
#629=SURFACE_STYLE_FILL_AREA(#628);
#630=SURFACE_SIDE_STYLE('',(#629));
#631=SURFACE_STYLE_USAGE(.BOTH.,#630);
#632=PRESENTATION_STYLE_ASSIGNMENT((#631));
#633=STYLED_ITEM('',(#632),#625);
#634=ADVANCED_FACE('',(#2015),#2017,.T.);
#635=COLOUR_RGB($,1.,0.843137254901961,0.);
#636=FILL_AREA_STYLE_COLOUR($,#635);
#637=FILL_AREA_STYLE($,(#636));
#638=SURFACE_STYLE_FILL_AREA(#637);
#639=SURFACE_SIDE_STYLE('',(#638));
#640=SURFACE_STYLE_USAGE(.BOTH.,#639);
#641=PRESENTATION_STYLE_ASSIGNMENT((#640));
#642=STYLED_ITEM('',(#641),#634);
#643=ADVANCED_FACE('',(#2022),#2024,.T.);
#644=COLOUR_RGB($,1.,0.843137254901961,0.);
#645=FILL_AREA_STYLE_COLOUR($,#644);
#646=FILL_AREA_STYLE($,(#645));
#647=SURFACE_STYLE_FILL_AREA(#646);
#648=SURFACE_SIDE_STYLE('',(#647));
#649=SURFACE_STYLE_USAGE(.BOTH.,#648);
#650=PRESENTATION_STYLE_ASSIGNMENT((#649));
#651=STYLED_ITEM('',(#650),#643);
#652=ADVANCED_FACE('',(#2029),#2031,.T.);
#653=COLOUR_RGB($,1.,0.843137254901961,0.);
#654=FILL_AREA_STYLE_COLOUR($,#653);
#655=FILL_AREA_STYLE($,(#654));
#656=SURFACE_STYLE_FILL_AREA(#655);
#657=SURFACE_SIDE_STYLE('',(#656));
#658=SURFACE_STYLE_USAGE(.BOTH.,#657);
#659=PRESENTATION_STYLE_ASSIGNMENT((#658));
#660=STYLED_ITEM('',(#659),#652);
#661=ADVANCED_FACE('',(#2036),#2038,.T.);
#662=COLOUR_RGB($,1.,0.843137254901961,0.);
#663=FILL_AREA_STYLE_COLOUR($,#662);
#664=FILL_AREA_STYLE($,(#663));
#665=SURFACE_STYLE_FILL_AREA(#664);
#666=SURFACE_SIDE_STYLE('',(#665));
#667=SURFACE_STYLE_USAGE(.BOTH.,#666);
#668=PRESENTATION_STYLE_ASSIGNMENT((#667));
#669=STYLED_ITEM('',(#668),#661);
#670=ADVANCED_FACE('',(#2043),#2045,.T.);
#671=COLOUR_RGB($,1.,0.843137254901961,0.);
#672=FILL_AREA_STYLE_COLOUR($,#671);
#673=FILL_AREA_STYLE($,(#672));
#674=SURFACE_STYLE_FILL_AREA(#673);
#675=SURFACE_SIDE_STYLE('',(#674));
#676=SURFACE_STYLE_USAGE(.BOTH.,#675);
#677=PRESENTATION_STYLE_ASSIGNMENT((#676));
#678=STYLED_ITEM('',(#677),#670);
#679=ADVANCED_FACE('',(#2050),#2052,.T.);
#680=COLOUR_RGB($,1.,0.843137254901961,0.);
#681=FILL_AREA_STYLE_COLOUR($,#680);
#682=FILL_AREA_STYLE($,(#681));
#683=SURFACE_STYLE_FILL_AREA(#682);
#684=SURFACE_SIDE_STYLE('',(#683));
#685=SURFACE_STYLE_USAGE(.BOTH.,#684);
#686=PRESENTATION_STYLE_ASSIGNMENT((#685));
#687=STYLED_ITEM('',(#686),#679);
#688=ADVANCED_FACE('',(#2057),#2059,.T.);
#689=COLOUR_RGB($,1.,0.843137254901961,0.);
#690=FILL_AREA_STYLE_COLOUR($,#689);
#691=FILL_AREA_STYLE($,(#690));
#692=SURFACE_STYLE_FILL_AREA(#691);
#693=SURFACE_SIDE_STYLE('',(#692));
#694=SURFACE_STYLE_USAGE(.BOTH.,#693);
#695=PRESENTATION_STYLE_ASSIGNMENT((#694));
#696=STYLED_ITEM('',(#695),#688);
#697=ADVANCED_FACE('',(#2064),#2066,.T.);
#698=COLOUR_RGB($,1.,0.843137254901961,0.);
#699=FILL_AREA_STYLE_COLOUR($,#698);
#700=FILL_AREA_STYLE($,(#699));
#701=SURFACE_STYLE_FILL_AREA(#700);
#702=SURFACE_SIDE_STYLE('',(#701));
#703=SURFACE_STYLE_USAGE(.BOTH.,#702);
#704=PRESENTATION_STYLE_ASSIGNMENT((#703));
#705=STYLED_ITEM('',(#704),#697);
#706=ADVANCED_FACE('',(#2071),#2073,.T.);
#707=COLOUR_RGB($,1.,0.843137254901961,0.);
#708=FILL_AREA_STYLE_COLOUR($,#707);
#709=FILL_AREA_STYLE($,(#708));
#710=SURFACE_STYLE_FILL_AREA(#709);
#711=SURFACE_SIDE_STYLE('',(#710));
#712=SURFACE_STYLE_USAGE(.BOTH.,#711);
#713=PRESENTATION_STYLE_ASSIGNMENT((#712));
#714=STYLED_ITEM('',(#713),#706);
#715=ADVANCED_FACE('',(#2078),#2080,.T.);
#716=COLOUR_RGB($,1.,0.843137254901961,0.);
#717=FILL_AREA_STYLE_COLOUR($,#716);
#718=FILL_AREA_STYLE($,(#717));
#719=SURFACE_STYLE_FILL_AREA(#718);
#720=SURFACE_SIDE_STYLE('',(#719));
#721=SURFACE_STYLE_USAGE(.BOTH.,#720);
#722=PRESENTATION_STYLE_ASSIGNMENT((#721));
#723=STYLED_ITEM('',(#722),#715);
#724=ADVANCED_FACE('',(#2085),#2087,.T.);
#725=COLOUR_RGB($,1.,0.843137254901961,0.);
#726=FILL_AREA_STYLE_COLOUR($,#725);
#727=FILL_AREA_STYLE($,(#726));
#728=SURFACE_STYLE_FILL_AREA(#727);
#729=SURFACE_SIDE_STYLE('',(#728));
#730=SURFACE_STYLE_USAGE(.BOTH.,#729);
#731=PRESENTATION_STYLE_ASSIGNMENT((#730));
#732=STYLED_ITEM('',(#731),#724);
#733=ADVANCED_FACE('',(#2092),#2094,.T.);
#734=COLOUR_RGB($,1.,0.843137254901961,0.);
#735=FILL_AREA_STYLE_COLOUR($,#734);
#736=FILL_AREA_STYLE($,(#735));
#737=SURFACE_STYLE_FILL_AREA(#736);
#738=SURFACE_SIDE_STYLE('',(#737));
#739=SURFACE_STYLE_USAGE(.BOTH.,#738);
#740=PRESENTATION_STYLE_ASSIGNMENT((#739));
#741=STYLED_ITEM('',(#740),#733);
#742=ADVANCED_FACE('',(#2099),#2101,.T.);
#743=COLOUR_RGB($,1.,0.843137254901961,0.);
#744=FILL_AREA_STYLE_COLOUR($,#743);
#745=FILL_AREA_STYLE($,(#744));
#746=SURFACE_STYLE_FILL_AREA(#745);
#747=SURFACE_SIDE_STYLE('',(#746));
#748=SURFACE_STYLE_USAGE(.BOTH.,#747);
#749=PRESENTATION_STYLE_ASSIGNMENT((#748));
#750=STYLED_ITEM('',(#749),#742);
#751=ADVANCED_FACE('',(#2106),#2108,.T.);
#752=COLOUR_RGB($,1.,0.843137254901961,0.);
#753=FILL_AREA_STYLE_COLOUR($,#752);
#754=FILL_AREA_STYLE($,(#753));
#755=SURFACE_STYLE_FILL_AREA(#754);
#756=SURFACE_SIDE_STYLE('',(#755));
#757=SURFACE_STYLE_USAGE(.BOTH.,#756);
#758=PRESENTATION_STYLE_ASSIGNMENT((#757));
#759=STYLED_ITEM('',(#758),#751);
#760=ADVANCED_FACE('',(#2113),#2115,.T.);
#761=COLOUR_RGB($,1.,1.,1.);
#762=FILL_AREA_STYLE_COLOUR($,#761);
#763=FILL_AREA_STYLE($,(#762));
#764=SURFACE_STYLE_FILL_AREA(#763);
#765=SURFACE_SIDE_STYLE('',(#764));
#766=SURFACE_STYLE_USAGE(.BOTH.,#765);
#767=PRESENTATION_STYLE_ASSIGNMENT((#766));
#768=STYLED_ITEM('',(#767),#760);
#769=ADVANCED_FACE('',(#2120),#2122,.F.);
#770=COLOUR_RGB($,1.,1.,1.);
#771=FILL_AREA_STYLE_COLOUR($,#770);
#772=FILL_AREA_STYLE($,(#771));
#773=SURFACE_STYLE_FILL_AREA(#772);
#774=SURFACE_SIDE_STYLE('',(#773));
#775=SURFACE_STYLE_USAGE(.BOTH.,#774);
#776=PRESENTATION_STYLE_ASSIGNMENT((#775));
#777=STYLED_ITEM('',(#776),#769);
#778=ADVANCED_FACE('',(#2127),#2129,.T.);
#779=COLOUR_RGB($,1.,0.843137254901961,0.);
#780=FILL_AREA_STYLE_COLOUR($,#779);
#781=FILL_AREA_STYLE($,(#780));
#782=SURFACE_STYLE_FILL_AREA(#781);
#783=SURFACE_SIDE_STYLE('',(#782));
#784=SURFACE_STYLE_USAGE(.BOTH.,#783);
#785=PRESENTATION_STYLE_ASSIGNMENT((#784));
#786=STYLED_ITEM('',(#785),#778);
#787=ADVANCED_FACE('',(#2134),#2136,.T.);
#788=COLOUR_RGB($,1.,0.843137254901961,0.);
#789=FILL_AREA_STYLE_COLOUR($,#788);
#790=FILL_AREA_STYLE($,(#789));
#791=SURFACE_STYLE_FILL_AREA(#790);
#792=SURFACE_SIDE_STYLE('',(#791));
#793=SURFACE_STYLE_USAGE(.BOTH.,#792);
#794=PRESENTATION_STYLE_ASSIGNMENT((#793));
#795=STYLED_ITEM('',(#794),#787);
#796=ADVANCED_FACE('',(#2141),#2143,.T.);
#797=COLOUR_RGB($,1.,0.843137254901961,0.);
#798=FILL_AREA_STYLE_COLOUR($,#797);
#799=FILL_AREA_STYLE($,(#798));
#800=SURFACE_STYLE_FILL_AREA(#799);
#801=SURFACE_SIDE_STYLE('',(#800));
#802=SURFACE_STYLE_USAGE(.BOTH.,#801);
#803=PRESENTATION_STYLE_ASSIGNMENT((#802));
#804=STYLED_ITEM('',(#803),#796);
#805=ADVANCED_FACE('',(#2148),#2150,.T.);
#806=COLOUR_RGB($,1.,0.843137254901961,0.);
#807=FILL_AREA_STYLE_COLOUR($,#806);
#808=FILL_AREA_STYLE($,(#807));
#809=SURFACE_STYLE_FILL_AREA(#808);
#810=SURFACE_SIDE_STYLE('',(#809));
#811=SURFACE_STYLE_USAGE(.BOTH.,#810);
#812=PRESENTATION_STYLE_ASSIGNMENT((#811));
#813=STYLED_ITEM('',(#812),#805);
#814=ADVANCED_FACE('',(#2155),#2157,.T.);
#815=COLOUR_RGB($,1.,0.843137254901961,0.);
#816=FILL_AREA_STYLE_COLOUR($,#815);
#817=FILL_AREA_STYLE($,(#816));
#818=SURFACE_STYLE_FILL_AREA(#817);
#819=SURFACE_SIDE_STYLE('',(#818));
#820=SURFACE_STYLE_USAGE(.BOTH.,#819);
#821=PRESENTATION_STYLE_ASSIGNMENT((#820));
#822=STYLED_ITEM('',(#821),#814);
#823=ADVANCED_FACE('',(#2162),#2164,.T.);
#824=COLOUR_RGB($,1.,0.843137254901961,0.);
#825=FILL_AREA_STYLE_COLOUR($,#824);
#826=FILL_AREA_STYLE($,(#825));
#827=SURFACE_STYLE_FILL_AREA(#826);
#828=SURFACE_SIDE_STYLE('',(#827));
#829=SURFACE_STYLE_USAGE(.BOTH.,#828);
#830=PRESENTATION_STYLE_ASSIGNMENT((#829));
#831=STYLED_ITEM('',(#830),#823);
#832=ADVANCED_FACE('',(#2169),#2171,.T.);
#833=COLOUR_RGB($,1.,0.843137254901961,0.);
#834=FILL_AREA_STYLE_COLOUR($,#833);
#835=FILL_AREA_STYLE($,(#834));
#836=SURFACE_STYLE_FILL_AREA(#835);
#837=SURFACE_SIDE_STYLE('',(#836));
#838=SURFACE_STYLE_USAGE(.BOTH.,#837);
#839=PRESENTATION_STYLE_ASSIGNMENT((#838));
#840=STYLED_ITEM('',(#839),#832);
#841=ADVANCED_FACE('',(#2176),#2178,.T.);
#842=COLOUR_RGB($,1.,0.843137254901961,0.);
#843=FILL_AREA_STYLE_COLOUR($,#842);
#844=FILL_AREA_STYLE($,(#843));
#845=SURFACE_STYLE_FILL_AREA(#844);
#846=SURFACE_SIDE_STYLE('',(#845));
#847=SURFACE_STYLE_USAGE(.BOTH.,#846);
#848=PRESENTATION_STYLE_ASSIGNMENT((#847));
#849=STYLED_ITEM('',(#848),#841);
#850=ADVANCED_FACE('',(#2183),#2185,.T.);
#851=COLOUR_RGB($,1.,0.843137254901961,0.);
#852=FILL_AREA_STYLE_COLOUR($,#851);
#853=FILL_AREA_STYLE($,(#852));
#854=SURFACE_STYLE_FILL_AREA(#853);
#855=SURFACE_SIDE_STYLE('',(#854));
#856=SURFACE_STYLE_USAGE(.BOTH.,#855);
#857=PRESENTATION_STYLE_ASSIGNMENT((#856));
#858=STYLED_ITEM('',(#857),#850);
#859=ADVANCED_FACE('',(#2190),#2192,.T.);
#860=COLOUR_RGB($,1.,0.843137254901961,0.);
#861=FILL_AREA_STYLE_COLOUR($,#860);
#862=FILL_AREA_STYLE($,(#861));
#863=SURFACE_STYLE_FILL_AREA(#862);
#864=SURFACE_SIDE_STYLE('',(#863));
#865=SURFACE_STYLE_USAGE(.BOTH.,#864);
#866=PRESENTATION_STYLE_ASSIGNMENT((#865));
#867=STYLED_ITEM('',(#866),#859);
#868=ADVANCED_FACE('',(#2197),#2199,.T.);
#869=COLOUR_RGB($,1.,0.843137254901961,0.);
#870=FILL_AREA_STYLE_COLOUR($,#869);
#871=FILL_AREA_STYLE($,(#870));
#872=SURFACE_STYLE_FILL_AREA(#871);
#873=SURFACE_SIDE_STYLE('',(#872));
#874=SURFACE_STYLE_USAGE(.BOTH.,#873);
#875=PRESENTATION_STYLE_ASSIGNMENT((#874));
#876=STYLED_ITEM('',(#875),#868);
#877=ADVANCED_FACE('',(#2204),#2206,.T.);
#878=COLOUR_RGB($,1.,0.843137254901961,0.);
#879=FILL_AREA_STYLE_COLOUR($,#878);
#880=FILL_AREA_STYLE($,(#879));
#881=SURFACE_STYLE_FILL_AREA(#880);
#882=SURFACE_SIDE_STYLE('',(#881));
#883=SURFACE_STYLE_USAGE(.BOTH.,#882);
#884=PRESENTATION_STYLE_ASSIGNMENT((#883));
#885=STYLED_ITEM('',(#884),#877);
#886=ADVANCED_FACE('',(#2211),#2213,.T.);
#887=COLOUR_RGB($,1.,0.843137254901961,0.);
#888=FILL_AREA_STYLE_COLOUR($,#887);
#889=FILL_AREA_STYLE($,(#888));
#890=SURFACE_STYLE_FILL_AREA(#889);
#891=SURFACE_SIDE_STYLE('',(#890));
#892=SURFACE_STYLE_USAGE(.BOTH.,#891);
#893=PRESENTATION_STYLE_ASSIGNMENT((#892));
#894=STYLED_ITEM('',(#893),#886);
#895=ADVANCED_FACE('',(#2218),#2220,.T.);
#896=COLOUR_RGB($,1.,0.843137254901961,0.);
#897=FILL_AREA_STYLE_COLOUR($,#896);
#898=FILL_AREA_STYLE($,(#897));
#899=SURFACE_STYLE_FILL_AREA(#898);
#900=SURFACE_SIDE_STYLE('',(#899));
#901=SURFACE_STYLE_USAGE(.BOTH.,#900);
#902=PRESENTATION_STYLE_ASSIGNMENT((#901));
#903=STYLED_ITEM('',(#902),#895);
#904=ADVANCED_FACE('',(#2225),#2227,.T.);
#905=COLOUR_RGB($,1.,0.843137254901961,0.);
#906=FILL_AREA_STYLE_COLOUR($,#905);
#907=FILL_AREA_STYLE($,(#906));
#908=SURFACE_STYLE_FILL_AREA(#907);
#909=SURFACE_SIDE_STYLE('',(#908));
#910=SURFACE_STYLE_USAGE(.BOTH.,#909);
#911=PRESENTATION_STYLE_ASSIGNMENT((#910));
#912=STYLED_ITEM('',(#911),#904);
#913=ADVANCED_FACE('',(#2232),#2234,.T.);
#914=COLOUR_RGB($,1.,0.843137254901961,0.);
#915=FILL_AREA_STYLE_COLOUR($,#914);
#916=FILL_AREA_STYLE($,(#915));
#917=SURFACE_STYLE_FILL_AREA(#916);
#918=SURFACE_SIDE_STYLE('',(#917));
#919=SURFACE_STYLE_USAGE(.BOTH.,#918);
#920=PRESENTATION_STYLE_ASSIGNMENT((#919));
#921=STYLED_ITEM('',(#920),#913);
#922=ADVANCED_FACE('',(#2239),#2241,.T.);
#923=COLOUR_RGB($,1.,0.843137254901961,0.);
#924=FILL_AREA_STYLE_COLOUR($,#923);
#925=FILL_AREA_STYLE($,(#924));
#926=SURFACE_STYLE_FILL_AREA(#925);
#927=SURFACE_SIDE_STYLE('',(#926));
#928=SURFACE_STYLE_USAGE(.BOTH.,#927);
#929=PRESENTATION_STYLE_ASSIGNMENT((#928));
#930=STYLED_ITEM('',(#929),#922);
#931=ADVANCED_FACE('',(#2246),#2248,.T.);
#932=COLOUR_RGB($,1.,0.843137254901961,0.);
#933=FILL_AREA_STYLE_COLOUR($,#932);
#934=FILL_AREA_STYLE($,(#933));
#935=SURFACE_STYLE_FILL_AREA(#934);
#936=SURFACE_SIDE_STYLE('',(#935));
#937=SURFACE_STYLE_USAGE(.BOTH.,#936);
#938=PRESENTATION_STYLE_ASSIGNMENT((#937));
#939=STYLED_ITEM('',(#938),#931);
#940=ADVANCED_FACE('',(#2253),#2255,.T.);
#941=COLOUR_RGB($,1.,0.843137254901961,0.);
#942=FILL_AREA_STYLE_COLOUR($,#941);
#943=FILL_AREA_STYLE($,(#942));
#944=SURFACE_STYLE_FILL_AREA(#943);
#945=SURFACE_SIDE_STYLE('',(#944));
#946=SURFACE_STYLE_USAGE(.BOTH.,#945);
#947=PRESENTATION_STYLE_ASSIGNMENT((#946));
#948=STYLED_ITEM('',(#947),#940);
#949=ADVANCED_FACE('',(#2260),#2262,.T.);
#950=COLOUR_RGB($,1.,0.843137254901961,0.);
#951=FILL_AREA_STYLE_COLOUR($,#950);
#952=FILL_AREA_STYLE($,(#951));
#953=SURFACE_STYLE_FILL_AREA(#952);
#954=SURFACE_SIDE_STYLE('',(#953));
#955=SURFACE_STYLE_USAGE(.BOTH.,#954);
#956=PRESENTATION_STYLE_ASSIGNMENT((#955));
#957=STYLED_ITEM('',(#956),#949);
#958=ADVANCED_FACE('',(#2267),#2269,.T.);
#959=COLOUR_RGB($,1.,0.843137254901961,0.);
#960=FILL_AREA_STYLE_COLOUR($,#959);
#961=FILL_AREA_STYLE($,(#960));
#962=SURFACE_STYLE_FILL_AREA(#961);
#963=SURFACE_SIDE_STYLE('',(#962));
#964=SURFACE_STYLE_USAGE(.BOTH.,#963);
#965=PRESENTATION_STYLE_ASSIGNMENT((#964));
#966=STYLED_ITEM('',(#965),#958);
#967=ADVANCED_FACE('',(#2274),#2276,.T.);
#968=COLOUR_RGB($,1.,0.843137254901961,0.);
#969=FILL_AREA_STYLE_COLOUR($,#968);
#970=FILL_AREA_STYLE($,(#969));
#971=SURFACE_STYLE_FILL_AREA(#970);
#972=SURFACE_SIDE_STYLE('',(#971));
#973=SURFACE_STYLE_USAGE(.BOTH.,#972);
#974=PRESENTATION_STYLE_ASSIGNMENT((#973));
#975=STYLED_ITEM('',(#974),#967);
#976=ADVANCED_FACE('',(#2281),#2283,.T.);
#977=COLOUR_RGB($,1.,0.843137254901961,0.);
#978=FILL_AREA_STYLE_COLOUR($,#977);
#979=FILL_AREA_STYLE($,(#978));
#980=SURFACE_STYLE_FILL_AREA(#979);
#981=SURFACE_SIDE_STYLE('',(#980));
#982=SURFACE_STYLE_USAGE(.BOTH.,#981);
#983=PRESENTATION_STYLE_ASSIGNMENT((#982));
#984=STYLED_ITEM('',(#983),#976);
#985=ADVANCED_FACE('',(#2288),#2290,.T.);
#986=COLOUR_RGB($,1.,0.843137254901961,0.);
#987=FILL_AREA_STYLE_COLOUR($,#986);
#988=FILL_AREA_STYLE($,(#987));
#989=SURFACE_STYLE_FILL_AREA(#988);
#990=SURFACE_SIDE_STYLE('',(#989));
#991=SURFACE_STYLE_USAGE(.BOTH.,#990);
#992=PRESENTATION_STYLE_ASSIGNMENT((#991));
#993=STYLED_ITEM('',(#992),#985);
#994=ADVANCED_FACE('',(#2295),#2297,.T.);
#995=COLOUR_RGB($,1.,1.,1.);
#996=FILL_AREA_STYLE_COLOUR($,#995);
#997=FILL_AREA_STYLE($,(#996));
#998=SURFACE_STYLE_FILL_AREA(#997);
#999=SURFACE_SIDE_STYLE('',(#998));
#1000=SURFACE_STYLE_USAGE(.BOTH.,#999);
#1001=PRESENTATION_STYLE_ASSIGNMENT((#1000));
#1002=STYLED_ITEM('',(#1001),#994);
#1003=ADVANCED_FACE('',(#2302),#2304,.T.);
#1004=COLOUR_RGB($,1.,0.843137254901961,0.);
#1005=FILL_AREA_STYLE_COLOUR($,#1004);
#1006=FILL_AREA_STYLE($,(#1005));
#1007=SURFACE_STYLE_FILL_AREA(#1006);
#1008=SURFACE_SIDE_STYLE('',(#1007));
#1009=SURFACE_STYLE_USAGE(.BOTH.,#1008);
#1010=PRESENTATION_STYLE_ASSIGNMENT((#1009));
#1011=STYLED_ITEM('',(#1010),#1003);
#1012=ADVANCED_FACE('',(#2309),#2311,.T.);
#1013=COLOUR_RGB($,1.,0.843137254901961,0.);
#1014=FILL_AREA_STYLE_COLOUR($,#1013);
#1015=FILL_AREA_STYLE($,(#1014));
#1016=SURFACE_STYLE_FILL_AREA(#1015);
#1017=SURFACE_SIDE_STYLE('',(#1016));
#1018=SURFACE_STYLE_USAGE(.BOTH.,#1017);
#1019=PRESENTATION_STYLE_ASSIGNMENT((#1018));
#1020=STYLED_ITEM('',(#1019),#1012);
#1021=ADVANCED_FACE('',(#2316),#2318,.T.);
#1022=COLOUR_RGB($,1.,0.843137254901961,0.);
#1023=FILL_AREA_STYLE_COLOUR($,#1022);
#1024=FILL_AREA_STYLE($,(#1023));
#1025=SURFACE_STYLE_FILL_AREA(#1024);
#1026=SURFACE_SIDE_STYLE('',(#1025));
#1027=SURFACE_STYLE_USAGE(.BOTH.,#1026);
#1028=PRESENTATION_STYLE_ASSIGNMENT((#1027));
#1029=STYLED_ITEM('',(#1028),#1021);
#1030=ADVANCED_FACE('',(#2323),#2325,.T.);
#1031=COLOUR_RGB($,1.,0.843137254901961,0.);
#1032=FILL_AREA_STYLE_COLOUR($,#1031);
#1033=FILL_AREA_STYLE($,(#1032));
#1034=SURFACE_STYLE_FILL_AREA(#1033);
#1035=SURFACE_SIDE_STYLE('',(#1034));
#1036=SURFACE_STYLE_USAGE(.BOTH.,#1035);
#1037=PRESENTATION_STYLE_ASSIGNMENT((#1036));
#1038=STYLED_ITEM('',(#1037),#1030);
#1039=ADVANCED_FACE('',(#2330),#2332,.T.);
#1040=COLOUR_RGB($,1.,0.843137254901961,0.);
#1041=FILL_AREA_STYLE_COLOUR($,#1040);
#1042=FILL_AREA_STYLE($,(#1041));
#1043=SURFACE_STYLE_FILL_AREA(#1042);
#1044=SURFACE_SIDE_STYLE('',(#1043));
#1045=SURFACE_STYLE_USAGE(.BOTH.,#1044);
#1046=PRESENTATION_STYLE_ASSIGNMENT((#1045));
#1047=STYLED_ITEM('',(#1046),#1039);
#1048=ADVANCED_FACE('',(#2337),#2339,.T.);
#1049=COLOUR_RGB($,1.,0.843137254901961,0.);
#1050=FILL_AREA_STYLE_COLOUR($,#1049);
#1051=FILL_AREA_STYLE($,(#1050));
#1052=SURFACE_STYLE_FILL_AREA(#1051);
#1053=SURFACE_SIDE_STYLE('',(#1052));
#1054=SURFACE_STYLE_USAGE(.BOTH.,#1053);
#1055=PRESENTATION_STYLE_ASSIGNMENT((#1054));
#1056=STYLED_ITEM('',(#1055),#1048);
#1057=ADVANCED_FACE('',(#2344),#2346,.T.);
#1058=COLOUR_RGB($,1.,0.843137254901961,0.);
#1059=FILL_AREA_STYLE_COLOUR($,#1058);
#1060=FILL_AREA_STYLE($,(#1059));
#1061=SURFACE_STYLE_FILL_AREA(#1060);
#1062=SURFACE_SIDE_STYLE('',(#1061));
#1063=SURFACE_STYLE_USAGE(.BOTH.,#1062);
#1064=PRESENTATION_STYLE_ASSIGNMENT((#1063));
#1065=STYLED_ITEM('',(#1064),#1057);
#1066=ADVANCED_FACE('',(#2351),#2353,.T.);
#1067=COLOUR_RGB($,1.,0.843137254901961,0.);
#1068=FILL_AREA_STYLE_COLOUR($,#1067);
#1069=FILL_AREA_STYLE($,(#1068));
#1070=SURFACE_STYLE_FILL_AREA(#1069);
#1071=SURFACE_SIDE_STYLE('',(#1070));
#1072=SURFACE_STYLE_USAGE(.BOTH.,#1071);
#1073=PRESENTATION_STYLE_ASSIGNMENT((#1072));
#1074=STYLED_ITEM('',(#1073),#1066);
#1075=ADVANCED_FACE('',(#2358),#2360,.T.);
#1076=COLOUR_RGB($,1.,0.843137254901961,0.);
#1077=FILL_AREA_STYLE_COLOUR($,#1076);
#1078=FILL_AREA_STYLE($,(#1077));
#1079=SURFACE_STYLE_FILL_AREA(#1078);
#1080=SURFACE_SIDE_STYLE('',(#1079));
#1081=SURFACE_STYLE_USAGE(.BOTH.,#1080);
#1082=PRESENTATION_STYLE_ASSIGNMENT((#1081));
#1083=STYLED_ITEM('',(#1082),#1075);
#1084=ADVANCED_FACE('',(#2365),#2367,.T.);
#1085=COLOUR_RGB($,1.,0.843137254901961,0.);
#1086=FILL_AREA_STYLE_COLOUR($,#1085);
#1087=FILL_AREA_STYLE($,(#1086));
#1088=SURFACE_STYLE_FILL_AREA(#1087);
#1089=SURFACE_SIDE_STYLE('',(#1088));
#1090=SURFACE_STYLE_USAGE(.BOTH.,#1089);
#1091=PRESENTATION_STYLE_ASSIGNMENT((#1090));
#1092=STYLED_ITEM('',(#1091),#1084);
#1093=ADVANCED_FACE('',(#2372),#2374,.T.);
#1094=COLOUR_RGB($,1.,0.843137254901961,0.);
#1095=FILL_AREA_STYLE_COLOUR($,#1094);
#1096=FILL_AREA_STYLE($,(#1095));
#1097=SURFACE_STYLE_FILL_AREA(#1096);
#1098=SURFACE_SIDE_STYLE('',(#1097));
#1099=SURFACE_STYLE_USAGE(.BOTH.,#1098);
#1100=PRESENTATION_STYLE_ASSIGNMENT((#1099));
#1101=STYLED_ITEM('',(#1100),#1093);
#1102=ADVANCED_FACE('',(#2379),#2381,.T.);
#1103=COLOUR_RGB($,1.,0.843137254901961,0.);
#1104=FILL_AREA_STYLE_COLOUR($,#1103);
#1105=FILL_AREA_STYLE($,(#1104));
#1106=SURFACE_STYLE_FILL_AREA(#1105);
#1107=SURFACE_SIDE_STYLE('',(#1106));
#1108=SURFACE_STYLE_USAGE(.BOTH.,#1107);
#1109=PRESENTATION_STYLE_ASSIGNMENT((#1108));
#1110=STYLED_ITEM('',(#1109),#1102);
#1111=ADVANCED_FACE('',(#2386),#2388,.T.);
#1112=COLOUR_RGB($,1.,0.843137254901961,0.);
#1113=FILL_AREA_STYLE_COLOUR($,#1112);
#1114=FILL_AREA_STYLE($,(#1113));
#1115=SURFACE_STYLE_FILL_AREA(#1114);
#1116=SURFACE_SIDE_STYLE('',(#1115));
#1117=SURFACE_STYLE_USAGE(.BOTH.,#1116);
#1118=PRESENTATION_STYLE_ASSIGNMENT((#1117));
#1119=STYLED_ITEM('',(#1118),#1111);
#1120=ADVANCED_FACE('',(#2393),#2395,.T.);
#1121=COLOUR_RGB($,1.,0.843137254901961,0.);
#1122=FILL_AREA_STYLE_COLOUR($,#1121);
#1123=FILL_AREA_STYLE($,(#1122));
#1124=SURFACE_STYLE_FILL_AREA(#1123);
#1125=SURFACE_SIDE_STYLE('',(#1124));
#1126=SURFACE_STYLE_USAGE(.BOTH.,#1125);
#1127=PRESENTATION_STYLE_ASSIGNMENT((#1126));
#1128=STYLED_ITEM('',(#1127),#1120);
#1129=ADVANCED_FACE('',(#2400),#2402,.T.);
#1130=COLOUR_RGB($,1.,0.843137254901961,0.);
#1131=FILL_AREA_STYLE_COLOUR($,#1130);
#1132=FILL_AREA_STYLE($,(#1131));
#1133=SURFACE_STYLE_FILL_AREA(#1132);
#1134=SURFACE_SIDE_STYLE('',(#1133));
#1135=SURFACE_STYLE_USAGE(.BOTH.,#1134);
#1136=PRESENTATION_STYLE_ASSIGNMENT((#1135));
#1137=STYLED_ITEM('',(#1136),#1129);
#1138=ADVANCED_FACE('',(#2407),#2409,.T.);
#1139=COLOUR_RGB($,1.,0.843137254901961,0.);
#1140=FILL_AREA_STYLE_COLOUR($,#1139);
#1141=FILL_AREA_STYLE($,(#1140));
#1142=SURFACE_STYLE_FILL_AREA(#1141);
#1143=SURFACE_SIDE_STYLE('',(#1142));
#1144=SURFACE_STYLE_USAGE(.BOTH.,#1143);
#1145=PRESENTATION_STYLE_ASSIGNMENT((#1144));
#1146=STYLED_ITEM('',(#1145),#1138);
#1147=ADVANCED_FACE('',(#2414),#2416,.T.);
#1148=COLOUR_RGB($,1.,0.843137254901961,0.);
#1149=FILL_AREA_STYLE_COLOUR($,#1148);
#1150=FILL_AREA_STYLE($,(#1149));
#1151=SURFACE_STYLE_FILL_AREA(#1150);
#1152=SURFACE_SIDE_STYLE('',(#1151));
#1153=SURFACE_STYLE_USAGE(.BOTH.,#1152);
#1154=PRESENTATION_STYLE_ASSIGNMENT((#1153));
#1155=STYLED_ITEM('',(#1154),#1147);
#1156=ADVANCED_FACE('',(#2421),#2423,.T.);
#1157=COLOUR_RGB($,1.,0.843137254901961,0.);
#1158=FILL_AREA_STYLE_COLOUR($,#1157);
#1159=FILL_AREA_STYLE($,(#1158));
#1160=SURFACE_STYLE_FILL_AREA(#1159);
#1161=SURFACE_SIDE_STYLE('',(#1160));
#1162=SURFACE_STYLE_USAGE(.BOTH.,#1161);
#1163=PRESENTATION_STYLE_ASSIGNMENT((#1162));
#1164=STYLED_ITEM('',(#1163),#1156);
#1165=ADVANCED_FACE('',(#2428),#2430,.T.);
#1166=COLOUR_RGB($,1.,0.843137254901961,0.);
#1167=FILL_AREA_STYLE_COLOUR($,#1166);
#1168=FILL_AREA_STYLE($,(#1167));
#1169=SURFACE_STYLE_FILL_AREA(#1168);
#1170=SURFACE_SIDE_STYLE('',(#1169));
#1171=SURFACE_STYLE_USAGE(.BOTH.,#1170);
#1172=PRESENTATION_STYLE_ASSIGNMENT((#1171));
#1173=STYLED_ITEM('',(#1172),#1165);
#1174=ADVANCED_FACE('',(#2435),#2437,.T.);
#1175=COLOUR_RGB($,1.,0.843137254901961,0.);
#1176=FILL_AREA_STYLE_COLOUR($,#1175);
#1177=FILL_AREA_STYLE($,(#1176));
#1178=SURFACE_STYLE_FILL_AREA(#1177);
#1179=SURFACE_SIDE_STYLE('',(#1178));
#1180=SURFACE_STYLE_USAGE(.BOTH.,#1179);
#1181=PRESENTATION_STYLE_ASSIGNMENT((#1180));
#1182=STYLED_ITEM('',(#1181),#1174);
#1183=ADVANCED_FACE('',(#2442),#2444,.T.);
#1184=COLOUR_RGB($,1.,0.843137254901961,0.);
#1185=FILL_AREA_STYLE_COLOUR($,#1184);
#1186=FILL_AREA_STYLE($,(#1185));
#1187=SURFACE_STYLE_FILL_AREA(#1186);
#1188=SURFACE_SIDE_STYLE('',(#1187));
#1189=SURFACE_STYLE_USAGE(.BOTH.,#1188);
#1190=PRESENTATION_STYLE_ASSIGNMENT((#1189));
#1191=STYLED_ITEM('',(#1190),#1183);
#1192=ADVANCED_FACE('',(#2449),#2451,.T.);
#1193=COLOUR_RGB($,1.,0.843137254901961,0.);
#1194=FILL_AREA_STYLE_COLOUR($,#1193);
#1195=FILL_AREA_STYLE($,(#1194));
#1196=SURFACE_STYLE_FILL_AREA(#1195);
#1197=SURFACE_SIDE_STYLE('',(#1196));
#1198=SURFACE_STYLE_USAGE(.BOTH.,#1197);
#1199=PRESENTATION_STYLE_ASSIGNMENT((#1198));
#1200=STYLED_ITEM('',(#1199),#1192);
#1201=ADVANCED_FACE('',(#2456),#2458,.T.);
#1202=COLOUR_RGB($,1.,0.843137254901961,0.);
#1203=FILL_AREA_STYLE_COLOUR($,#1202);
#1204=FILL_AREA_STYLE($,(#1203));
#1205=SURFACE_STYLE_FILL_AREA(#1204);
#1206=SURFACE_SIDE_STYLE('',(#1205));
#1207=SURFACE_STYLE_USAGE(.BOTH.,#1206);
#1208=PRESENTATION_STYLE_ASSIGNMENT((#1207));
#1209=STYLED_ITEM('',(#1208),#1201);
#1210=ADVANCED_FACE('',(#2463),#2465,.T.);
#1211=COLOUR_RGB($,1.,0.843137254901961,0.);
#1212=FILL_AREA_STYLE_COLOUR($,#1211);
#1213=FILL_AREA_STYLE($,(#1212));
#1214=SURFACE_STYLE_FILL_AREA(#1213);
#1215=SURFACE_SIDE_STYLE('',(#1214));
#1216=SURFACE_STYLE_USAGE(.BOTH.,#1215);
#1217=PRESENTATION_STYLE_ASSIGNMENT((#1216));
#1218=STYLED_ITEM('',(#1217),#1210);
#1219=ADVANCED_FACE('',(#2470),#2472,.F.);
#1220=COLOUR_RGB($,1.,0.843137254901961,0.);
#1221=FILL_AREA_STYLE_COLOUR($,#1220);
#1222=FILL_AREA_STYLE($,(#1221));
#1223=SURFACE_STYLE_FILL_AREA(#1222);
#1224=SURFACE_SIDE_STYLE('',(#1223));
#1225=SURFACE_STYLE_USAGE(.BOTH.,#1224);
#1226=PRESENTATION_STYLE_ASSIGNMENT((#1225));
#1227=STYLED_ITEM('',(#1226),#1219);
#1228=ADVANCED_FACE('',(#2477),#2479,.F.);
#1229=COLOUR_RGB($,1.,0.843137254901961,0.);
#1230=FILL_AREA_STYLE_COLOUR($,#1229);
#1231=FILL_AREA_STYLE($,(#1230));
#1232=SURFACE_STYLE_FILL_AREA(#1231);
#1233=SURFACE_SIDE_STYLE('',(#1232));
#1234=SURFACE_STYLE_USAGE(.BOTH.,#1233);
#1235=PRESENTATION_STYLE_ASSIGNMENT((#1234));
#1236=STYLED_ITEM('',(#1235),#1228);
#1237=ADVANCED_FACE('',(#2484),#2486,.F.);
#1238=COLOUR_RGB($,1.,0.843137254901961,0.);
#1239=FILL_AREA_STYLE_COLOUR($,#1238);
#1240=FILL_AREA_STYLE($,(#1239));
#1241=SURFACE_STYLE_FILL_AREA(#1240);
#1242=SURFACE_SIDE_STYLE('',(#1241));
#1243=SURFACE_STYLE_USAGE(.BOTH.,#1242);
#1244=PRESENTATION_STYLE_ASSIGNMENT((#1243));
#1245=STYLED_ITEM('',(#1244),#1237);
#1246=ADVANCED_FACE('',(#2491),#2493,.F.);
#1247=COLOUR_RGB($,1.,0.843137254901961,0.);
#1248=FILL_AREA_STYLE_COLOUR($,#1247);
#1249=FILL_AREA_STYLE($,(#1248));
#1250=SURFACE_STYLE_FILL_AREA(#1249);
#1251=SURFACE_SIDE_STYLE('',(#1250));
#1252=SURFACE_STYLE_USAGE(.BOTH.,#1251);
#1253=PRESENTATION_STYLE_ASSIGNMENT((#1252));
#1254=STYLED_ITEM('',(#1253),#1246);
#1255=ADVANCED_FACE('',(#2498),#2500,.F.);
#1256=COLOUR_RGB($,1.,0.843137254901961,0.);
#1257=FILL_AREA_STYLE_COLOUR($,#1256);
#1258=FILL_AREA_STYLE($,(#1257));
#1259=SURFACE_STYLE_FILL_AREA(#1258);
#1260=SURFACE_SIDE_STYLE('',(#1259));
#1261=SURFACE_STYLE_USAGE(.BOTH.,#1260);
#1262=PRESENTATION_STYLE_ASSIGNMENT((#1261));
#1263=STYLED_ITEM('',(#1262),#1255);
#1264=ADVANCED_FACE('',(#2505),#2507,.F.);
#1265=COLOUR_RGB($,1.,0.843137254901961,0.);
#1266=FILL_AREA_STYLE_COLOUR($,#1265);
#1267=FILL_AREA_STYLE($,(#1266));
#1268=SURFACE_STYLE_FILL_AREA(#1267);
#1269=SURFACE_SIDE_STYLE('',(#1268));
#1270=SURFACE_STYLE_USAGE(.BOTH.,#1269);
#1271=PRESENTATION_STYLE_ASSIGNMENT((#1270));
#1272=STYLED_ITEM('',(#1271),#1264);
#1273=ADVANCED_FACE('',(#2512),#2514,.F.);
#1274=COLOUR_RGB($,1.,0.843137254901961,0.);
#1275=FILL_AREA_STYLE_COLOUR($,#1274);
#1276=FILL_AREA_STYLE($,(#1275));
#1277=SURFACE_STYLE_FILL_AREA(#1276);
#1278=SURFACE_SIDE_STYLE('',(#1277));
#1279=SURFACE_STYLE_USAGE(.BOTH.,#1278);
#1280=PRESENTATION_STYLE_ASSIGNMENT((#1279));
#1281=STYLED_ITEM('',(#1280),#1273);
#1282=ADVANCED_FACE('',(#2519),#2521,.F.);
#1283=COLOUR_RGB($,1.,0.843137254901961,0.);
#1284=FILL_AREA_STYLE_COLOUR($,#1283);
#1285=FILL_AREA_STYLE($,(#1284));
#1286=SURFACE_STYLE_FILL_AREA(#1285);
#1287=SURFACE_SIDE_STYLE('',(#1286));
#1288=SURFACE_STYLE_USAGE(.BOTH.,#1287);
#1289=PRESENTATION_STYLE_ASSIGNMENT((#1288));
#1290=STYLED_ITEM('',(#1289),#1282);
#1291=ADVANCED_FACE('',(#2526),#2528,.F.);
#1292=COLOUR_RGB($,1.,0.843137254901961,0.);
#1293=FILL_AREA_STYLE_COLOUR($,#1292);
#1294=FILL_AREA_STYLE($,(#1293));
#1295=SURFACE_STYLE_FILL_AREA(#1294);
#1296=SURFACE_SIDE_STYLE('',(#1295));
#1297=SURFACE_STYLE_USAGE(.BOTH.,#1296);
#1298=PRESENTATION_STYLE_ASSIGNMENT((#1297));
#1299=STYLED_ITEM('',(#1298),#1291);
#1300=ADVANCED_FACE('',(#2533),#2535,.F.);
#1301=COLOUR_RGB($,1.,0.843137254901961,0.);
#1302=FILL_AREA_STYLE_COLOUR($,#1301);
#1303=FILL_AREA_STYLE($,(#1302));
#1304=SURFACE_STYLE_FILL_AREA(#1303);
#1305=SURFACE_SIDE_STYLE('',(#1304));
#1306=SURFACE_STYLE_USAGE(.BOTH.,#1305);
#1307=PRESENTATION_STYLE_ASSIGNMENT((#1306));
#1308=STYLED_ITEM('',(#1307),#1300);
#1309=ADVANCED_FACE('',(#2540),#2542,.F.);
#1310=COLOUR_RGB($,1.,0.843137254901961,0.);
#1311=FILL_AREA_STYLE_COLOUR($,#1310);
#1312=FILL_AREA_STYLE($,(#1311));
#1313=SURFACE_STYLE_FILL_AREA(#1312);
#1314=SURFACE_SIDE_STYLE('',(#1313));
#1315=SURFACE_STYLE_USAGE(.BOTH.,#1314);
#1316=PRESENTATION_STYLE_ASSIGNMENT((#1315));
#1317=STYLED_ITEM('',(#1316),#1309);
#1318=ADVANCED_FACE('',(#2547),#2549,.F.);
#1319=COLOUR_RGB($,1.,0.843137254901961,0.);
#1320=FILL_AREA_STYLE_COLOUR($,#1319);
#1321=FILL_AREA_STYLE($,(#1320));
#1322=SURFACE_STYLE_FILL_AREA(#1321);
#1323=SURFACE_SIDE_STYLE('',(#1322));
#1324=SURFACE_STYLE_USAGE(.BOTH.,#1323);
#1325=PRESENTATION_STYLE_ASSIGNMENT((#1324));
#1326=STYLED_ITEM('',(#1325),#1318);
#1327=ADVANCED_FACE('',(#2554),#2556,.F.);
#1328=COLOUR_RGB($,1.,0.843137254901961,0.);
#1329=FILL_AREA_STYLE_COLOUR($,#1328);
#1330=FILL_AREA_STYLE($,(#1329));
#1331=SURFACE_STYLE_FILL_AREA(#1330);
#1332=SURFACE_SIDE_STYLE('',(#1331));
#1333=SURFACE_STYLE_USAGE(.BOTH.,#1332);
#1334=PRESENTATION_STYLE_ASSIGNMENT((#1333));
#1335=STYLED_ITEM('',(#1334),#1327);
#1336=ADVANCED_FACE('',(#2561),#2563,.F.);
#1337=COLOUR_RGB($,1.,0.843137254901961,0.);
#1338=FILL_AREA_STYLE_COLOUR($,#1337);
#1339=FILL_AREA_STYLE($,(#1338));
#1340=SURFACE_STYLE_FILL_AREA(#1339);
#1341=SURFACE_SIDE_STYLE('',(#1340));
#1342=SURFACE_STYLE_USAGE(.BOTH.,#1341);
#1343=PRESENTATION_STYLE_ASSIGNMENT((#1342));
#1344=STYLED_ITEM('',(#1343),#1336);
#1345=ADVANCED_FACE('',(#2568),#2570,.F.);
#1346=COLOUR_RGB($,1.,0.843137254901961,0.);
#1347=FILL_AREA_STYLE_COLOUR($,#1346);
#1348=FILL_AREA_STYLE($,(#1347));
#1349=SURFACE_STYLE_FILL_AREA(#1348);
#1350=SURFACE_SIDE_STYLE('',(#1349));
#1351=SURFACE_STYLE_USAGE(.BOTH.,#1350);
#1352=PRESENTATION_STYLE_ASSIGNMENT((#1351));
#1353=STYLED_ITEM('',(#1352),#1345);
#1354=ADVANCED_FACE('',(#2575),#2577,.F.);
#1355=COLOUR_RGB($,1.,0.843137254901961,0.);
#1356=FILL_AREA_STYLE_COLOUR($,#1355);
#1357=FILL_AREA_STYLE($,(#1356));
#1358=SURFACE_STYLE_FILL_AREA(#1357);
#1359=SURFACE_SIDE_STYLE('',(#1358));
#1360=SURFACE_STYLE_USAGE(.BOTH.,#1359);
#1361=PRESENTATION_STYLE_ASSIGNMENT((#1360));
#1362=STYLED_ITEM('',(#1361),#1354);
#1363=ADVANCED_FACE('',(#2582),#2584,.F.);
#1364=COLOUR_RGB($,1.,0.843137254901961,0.);
#1365=FILL_AREA_STYLE_COLOUR($,#1364);
#1366=FILL_AREA_STYLE($,(#1365));
#1367=SURFACE_STYLE_FILL_AREA(#1366);
#1368=SURFACE_SIDE_STYLE('',(#1367));
#1369=SURFACE_STYLE_USAGE(.BOTH.,#1368);
#1370=PRESENTATION_STYLE_ASSIGNMENT((#1369));
#1371=STYLED_ITEM('',(#1370),#1363);
#1372=ADVANCED_FACE('',(#2589),#2591,.F.);
#1373=COLOUR_RGB($,1.,0.843137254901961,0.);
#1374=FILL_AREA_STYLE_COLOUR($,#1373);
#1375=FILL_AREA_STYLE($,(#1374));
#1376=SURFACE_STYLE_FILL_AREA(#1375);
#1377=SURFACE_SIDE_STYLE('',(#1376));
#1378=SURFACE_STYLE_USAGE(.BOTH.,#1377);
#1379=PRESENTATION_STYLE_ASSIGNMENT((#1378));
#1380=STYLED_ITEM('',(#1379),#1372);
#1381=ADVANCED_FACE('',(#2596),#2598,.F.);
#1382=COLOUR_RGB($,1.,0.843137254901961,0.);
#1383=FILL_AREA_STYLE_COLOUR($,#1382);
#1384=FILL_AREA_STYLE($,(#1383));
#1385=SURFACE_STYLE_FILL_AREA(#1384);
#1386=SURFACE_SIDE_STYLE('',(#1385));
#1387=SURFACE_STYLE_USAGE(.BOTH.,#1386);
#1388=PRESENTATION_STYLE_ASSIGNMENT((#1387));
#1389=STYLED_ITEM('',(#1388),#1381);
#1390=ADVANCED_FACE('',(#2603),#2605,.F.);
#1391=COLOUR_RGB($,1.,0.843137254901961,0.);
#1392=FILL_AREA_STYLE_COLOUR($,#1391);
#1393=FILL_AREA_STYLE($,(#1392));
#1394=SURFACE_STYLE_FILL_AREA(#1393);
#1395=SURFACE_SIDE_STYLE('',(#1394));
#1396=SURFACE_STYLE_USAGE(.BOTH.,#1395);
#1397=PRESENTATION_STYLE_ASSIGNMENT((#1396));
#1398=STYLED_ITEM('',(#1397),#1390);
#1399=ADVANCED_FACE('',(#2610),#2612,.F.);
#1400=COLOUR_RGB($,1.,0.843137254901961,0.);
#1401=FILL_AREA_STYLE_COLOUR($,#1400);
#1402=FILL_AREA_STYLE($,(#1401));
#1403=SURFACE_STYLE_FILL_AREA(#1402);
#1404=SURFACE_SIDE_STYLE('',(#1403));
#1405=SURFACE_STYLE_USAGE(.BOTH.,#1404);
#1406=PRESENTATION_STYLE_ASSIGNMENT((#1405));
#1407=STYLED_ITEM('',(#1406),#1399);
#1408=ADVANCED_FACE('',(#2617),#2619,.F.);
#1409=COLOUR_RGB($,1.,0.843137254901961,0.);
#1410=FILL_AREA_STYLE_COLOUR($,#1409);
#1411=FILL_AREA_STYLE($,(#1410));
#1412=SURFACE_STYLE_FILL_AREA(#1411);
#1413=SURFACE_SIDE_STYLE('',(#1412));
#1414=SURFACE_STYLE_USAGE(.BOTH.,#1413);
#1415=PRESENTATION_STYLE_ASSIGNMENT((#1414));
#1416=STYLED_ITEM('',(#1415),#1408);
#1417=ADVANCED_FACE('',(#2624),#2626,.F.);
#1418=COLOUR_RGB($,1.,0.843137254901961,0.);
#1419=FILL_AREA_STYLE_COLOUR($,#1418);
#1420=FILL_AREA_STYLE($,(#1419));
#1421=SURFACE_STYLE_FILL_AREA(#1420);
#1422=SURFACE_SIDE_STYLE('',(#1421));
#1423=SURFACE_STYLE_USAGE(.BOTH.,#1422);
#1424=PRESENTATION_STYLE_ASSIGNMENT((#1423));
#1425=STYLED_ITEM('',(#1424),#1417);
#1426=ADVANCED_FACE('',(#2631),#2633,.F.);
#1427=COLOUR_RGB($,1.,0.843137254901961,0.);
#1428=FILL_AREA_STYLE_COLOUR($,#1427);
#1429=FILL_AREA_STYLE($,(#1428));
#1430=SURFACE_STYLE_FILL_AREA(#1429);
#1431=SURFACE_SIDE_STYLE('',(#1430));
#1432=SURFACE_STYLE_USAGE(.BOTH.,#1431);
#1433=PRESENTATION_STYLE_ASSIGNMENT((#1432));
#1434=STYLED_ITEM('',(#1433),#1426);
#1435=ADVANCED_FACE('',(#2638),#2640,.T.);
#1436=COLOUR_RGB($,1.,0.843137254901961,0.);
#1437=FILL_AREA_STYLE_COLOUR($,#1436);
#1438=FILL_AREA_STYLE($,(#1437));
#1439=SURFACE_STYLE_FILL_AREA(#1438);
#1440=SURFACE_SIDE_STYLE('',(#1439));
#1441=SURFACE_STYLE_USAGE(.BOTH.,#1440);
#1442=PRESENTATION_STYLE_ASSIGNMENT((#1441));
#1443=STYLED_ITEM('',(#1442),#1435);
#1444=ADVANCED_FACE('',(#2645),#2647,.T.);
#1445=COLOUR_RGB($,1.,0.843137254901961,0.);
#1446=FILL_AREA_STYLE_COLOUR($,#1445);
#1447=FILL_AREA_STYLE($,(#1446));
#1448=SURFACE_STYLE_FILL_AREA(#1447);
#1449=SURFACE_SIDE_STYLE('',(#1448));
#1450=SURFACE_STYLE_USAGE(.BOTH.,#1449);
#1451=PRESENTATION_STYLE_ASSIGNMENT((#1450));
#1452=STYLED_ITEM('',(#1451),#1444);
#1453=ADVANCED_FACE('',(#2652),#2654,.T.);
#1454=COLOUR_RGB($,1.,0.843137254901961,0.);
#1455=FILL_AREA_STYLE_COLOUR($,#1454);
#1456=FILL_AREA_STYLE($,(#1455));
#1457=SURFACE_STYLE_FILL_AREA(#1456);
#1458=SURFACE_SIDE_STYLE('',(#1457));
#1459=SURFACE_STYLE_USAGE(.BOTH.,#1458);
#1460=PRESENTATION_STYLE_ASSIGNMENT((#1459));
#1461=STYLED_ITEM('',(#1460),#1453);
#1462=ADVANCED_FACE('',(#2659),#2661,.T.);
#1463=COLOUR_RGB($,1.,0.843137254901961,0.);
#1464=FILL_AREA_STYLE_COLOUR($,#1463);
#1465=FILL_AREA_STYLE($,(#1464));
#1466=SURFACE_STYLE_FILL_AREA(#1465);
#1467=SURFACE_SIDE_STYLE('',(#1466));
#1468=SURFACE_STYLE_USAGE(.BOTH.,#1467);
#1469=PRESENTATION_STYLE_ASSIGNMENT((#1468));
#1470=STYLED_ITEM('',(#1469),#1462);
#1471=ADVANCED_FACE('',(#2666),#2668,.T.);
#1472=COLOUR_RGB($,1.,0.843137254901961,0.);
#1473=FILL_AREA_STYLE_COLOUR($,#1472);
#1474=FILL_AREA_STYLE($,(#1473));
#1475=SURFACE_STYLE_FILL_AREA(#1474);
#1476=SURFACE_SIDE_STYLE('',(#1475));
#1477=SURFACE_STYLE_USAGE(.BOTH.,#1476);
#1478=PRESENTATION_STYLE_ASSIGNMENT((#1477));
#1479=STYLED_ITEM('',(#1478),#1471);
#1480=ADVANCED_FACE('',(#2673),#2675,.T.);
#1481=COLOUR_RGB($,1.,0.843137254901961,0.);
#1482=FILL_AREA_STYLE_COLOUR($,#1481);
#1483=FILL_AREA_STYLE($,(#1482));
#1484=SURFACE_STYLE_FILL_AREA(#1483);
#1485=SURFACE_SIDE_STYLE('',(#1484));
#1486=SURFACE_STYLE_USAGE(.BOTH.,#1485);
#1487=PRESENTATION_STYLE_ASSIGNMENT((#1486));
#1488=STYLED_ITEM('',(#1487),#1480);
#1489=ADVANCED_FACE('',(#2680),#2682,.F.);
#1490=COLOUR_RGB($,1.,0.843137254901961,0.);
#1491=FILL_AREA_STYLE_COLOUR($,#1490);
#1492=FILL_AREA_STYLE($,(#1491));
#1493=SURFACE_STYLE_FILL_AREA(#1492);
#1494=SURFACE_SIDE_STYLE('',(#1493));
#1495=SURFACE_STYLE_USAGE(.BOTH.,#1494);
#1496=PRESENTATION_STYLE_ASSIGNMENT((#1495));
#1497=STYLED_ITEM('',(#1496),#1489);
#1498=ADVANCED_FACE('',(#2687),#2689,.F.);
#1499=COLOUR_RGB($,1.,0.843137254901961,0.);
#1500=FILL_AREA_STYLE_COLOUR($,#1499);
#1501=FILL_AREA_STYLE($,(#1500));
#1502=SURFACE_STYLE_FILL_AREA(#1501);
#1503=SURFACE_SIDE_STYLE('',(#1502));
#1504=SURFACE_STYLE_USAGE(.BOTH.,#1503);
#1505=PRESENTATION_STYLE_ASSIGNMENT((#1504));
#1506=STYLED_ITEM('',(#1505),#1498);
#1507=ADVANCED_FACE('',(#2694),#2696,.F.);
#1508=COLOUR_RGB($,1.,0.843137254901961,0.);
#1509=FILL_AREA_STYLE_COLOUR($,#1508);
#1510=FILL_AREA_STYLE($,(#1509));
#1511=SURFACE_STYLE_FILL_AREA(#1510);
#1512=SURFACE_SIDE_STYLE('',(#1511));
#1513=SURFACE_STYLE_USAGE(.BOTH.,#1512);
#1514=PRESENTATION_STYLE_ASSIGNMENT((#1513));
#1515=STYLED_ITEM('',(#1514),#1507);
#1516=ADVANCED_FACE('',(#2701),#2703,.F.);
#1517=COLOUR_RGB($,1.,0.843137254901961,0.);
#1518=FILL_AREA_STYLE_COLOUR($,#1517);
#1519=FILL_AREA_STYLE($,(#1518));
#1520=SURFACE_STYLE_FILL_AREA(#1519);
#1521=SURFACE_SIDE_STYLE('',(#1520));
#1522=SURFACE_STYLE_USAGE(.BOTH.,#1521);
#1523=PRESENTATION_STYLE_ASSIGNMENT((#1522));
#1524=STYLED_ITEM('',(#1523),#1516);
#1525=ADVANCED_FACE('',(#2708),#2710,.F.);
#1526=COLOUR_RGB($,1.,0.843137254901961,0.);
#1527=FILL_AREA_STYLE_COLOUR($,#1526);
#1528=FILL_AREA_STYLE($,(#1527));
#1529=SURFACE_STYLE_FILL_AREA(#1528);
#1530=SURFACE_SIDE_STYLE('',(#1529));
#1531=SURFACE_STYLE_USAGE(.BOTH.,#1530);
#1532=PRESENTATION_STYLE_ASSIGNMENT((#1531));
#1533=STYLED_ITEM('',(#1532),#1525);
#1534=ADVANCED_FACE('',(#2715),#2717,.F.);
#1535=COLOUR_RGB($,1.,0.843137254901961,0.);
#1536=FILL_AREA_STYLE_COLOUR($,#1535);
#1537=FILL_AREA_STYLE($,(#1536));
#1538=SURFACE_STYLE_FILL_AREA(#1537);
#1539=SURFACE_SIDE_STYLE('',(#1538));
#1540=SURFACE_STYLE_USAGE(.BOTH.,#1539);
#1541=PRESENTATION_STYLE_ASSIGNMENT((#1540));
#1542=STYLED_ITEM('',(#1541),#1534);
#1543=FACE_BOUND('',#1544,.T.);
#1544=EDGE_LOOP('',(#2722,#2723,#2724,#2725,#2726,#2727,#2728,#2729,#2730,#2731,
#2732,#2733,#2734,#2735,#2736,#2737,#2738,#2739,#2740,#2741,#2742,#2743));
#1545=PLANE('',#1546);
#1546=AXIS2_PLACEMENT_3D('',#1547,#1548,#1549);
#1547=CARTESIAN_POINT('',(-1.25,-1.5,2.));
#1548=DIRECTION('',(0.,-1.,0.));
#1549=DIRECTION('',(1.,0.,0.));
#1550=FACE_BOUND('',#1551,.T.);
#1551=EDGE_LOOP('',(#2744,#2745,#2746,#2747));
#1552=PLANE('',#1553);
#1553=AXIS2_PLACEMENT_3D('',#1554,#1555,#1556);
#1554=CARTESIAN_POINT('',(0.,0.,7.));
#1555=DIRECTION('',(0.,0.,1.));
#1556=DIRECTION('',(1.,0.,0.));
#1557=FACE_BOUND('',#1558,.T.);
#1558=EDGE_LOOP('',(#2748,#2749,#2750,#2751));
#1559=PLANE('',#1560);
#1560=AXIS2_PLACEMENT_3D('',#1561,#1562,#1563);
#1561=CARTESIAN_POINT('',(0.,0.,7.));
#1562=DIRECTION('',(0.,0.,1.));
#1563=DIRECTION('',(1.,0.,0.));
#1564=FACE_BOUND('',#1565,.T.);
#1565=EDGE_LOOP('',(#2752,#2753,#2754,#2755,#2756,#2757,#2758,#2759,#2760,#2761,
#2762,#2763,#2764,#2765,#2766,#2767,#2768,#2769,#2770,#2771,#2772,#2773,#2774,#2775,
#2776,#2777,#2778,#2779,#2780,#2781,#2782,#2783,#2784,#2785,#2786,#2787,#2788,#2789,
#2790,#2791,#2792,#2793));
#1566=PLANE('',#1567);
#1567=AXIS2_PLACEMENT_3D('',#1568,#1569,#1570);
#1568=CARTESIAN_POINT('',(-1.25,-2.2,0.));
#1569=DIRECTION('',(0.,-1.,0.));
#1570=DIRECTION('',(1.,0.,0.));
#1571=FACE_BOUND('',#1572,.T.);
#1572=EDGE_LOOP('',(#2794,#2795,#2796,#2797));
#1573=PLANE('',#1574);
#1574=AXIS2_PLACEMENT_3D('',#1575,#1576,#1577);
#1575=CARTESIAN_POINT('',(13.35,-1.5,6.6));
#1576=DIRECTION('',(0.707106781186547,0.,-0.707106781186547));
#1577=DIRECTION('',(0.707106781186547,0.,0.707106781186547));
#1578=FACE_BOUND('',#1579,.T.);
#1579=EDGE_LOOP('',(#2798,#2799,#2800,#2801));
#1580=PLANE('',#1581);
#1581=AXIS2_PLACEMENT_3D('',#1582,#1583,#1584);
#1582=CARTESIAN_POINT('',(13.75,-1.5,6.2));
#1583=DIRECTION('',(0.707106781186547,0.,0.707106781186547));
#1584=DIRECTION('',(-0.707106781186547,0.,0.707106781186547));
#1585=FACE_BOUND('',#1586,.T.);
#1586=EDGE_LOOP('',(#2802,#2803,#2804,#2805));
#1587=PLANE('',#1588);
#1588=AXIS2_PLACEMENT_3D('',#1589,#1590,#1591);
#1589=CARTESIAN_POINT('',(13.75,-1.5,3.6));
#1590=DIRECTION('',(1.,0.,-0.));
#1591=DIRECTION('',(0.,0.,1.));
#1592=FACE_BOUND('',#1593,.T.);
#1593=EDGE_LOOP('',(#2806,#2807,#2808,#2809));
#1594=CYLINDRICAL_SURFACE('',#1595,0.6);
#1595=AXIS2_PLACEMENT_3D('',#1596,#1597,#1598);
#1596=CARTESIAN_POINT('',(13.15,-1.5,3.6));
#1597=DIRECTION('',(0.,-1.,0.));
#1598=DIRECTION('',(1.85037170770859E-016,0.,-1.));
#1599=FACE_BOUND('',#1600,.T.);
#1600=EDGE_LOOP('',(#2810,#2811,#2812,#2813));
#1601=PLANE('',#1602);
#1602=AXIS2_PLACEMENT_3D('',#1603,#1604,#1605);
#1603=CARTESIAN_POINT('',(11.25,-1.5,3.));
#1604=DIRECTION('',(0.,0.,-1.));
#1605=DIRECTION('',(1.,0.,0.));
#1606=FACE_BOUND('',#1607,.T.);
#1607=EDGE_LOOP('',(#2814,#2815,#2816,#2817));
#1608=PLANE('',#1609);
#1609=AXIS2_PLACEMENT_3D('',#1610,#1611,#1612);
#1610=CARTESIAN_POINT('',(11.25,-1.5,7.));
#1611=DIRECTION('',(-1.,-0.,-0.));
#1612=DIRECTION('',(0.,0.,-1.));
#1613=FACE_BOUND('',#1614,.T.);
#1614=EDGE_LOOP('',(#2818,#2819,#2820,#2821,#2822,#2823,#2824,#2825));
#1615=PLANE('',#1616);
#1616=AXIS2_PLACEMENT_3D('',#1617,#1618,#1619);
#1617=CARTESIAN_POINT('',(15.,0.,0.));
#1618=DIRECTION('',(-1.,-0.,-0.));
#1619=DIRECTION('',(0.,0.,1.));
#1620=FACE_BOUND('',#1621,.T.);
#1621=EDGE_LOOP('',(#2826,#2827,#2828,#2829));
#1622=PLANE('',#1623);
#1623=AXIS2_PLACEMENT_3D('',#1624,#1625,#1626);
#1624=CARTESIAN_POINT('',(15.,-0.4,3.));
#1625=DIRECTION('',(-0.,-0.,-1.));
#1626=DIRECTION('',(0.,-1.,0.));
#1627=FACE_BOUND('',#1628,.T.);
#1628=EDGE_LOOP('',(#2830,#2831,#2832,#2833,#2834,#2835));
#1629=PLANE('',#1630);
#1630=AXIS2_PLACEMENT_3D('',#1631,#1632,#1633);
#1631=CARTESIAN_POINT('',(14.3,0.,0.));
#1632=DIRECTION('',(-1.,-0.,-0.));
#1633=DIRECTION('',(0.,0.,1.));
#1634=FACE_BOUND('',#1635,.T.);
#1635=EDGE_LOOP('',(#2836,#2837,#2838,#2839));
#1636=FACE_BOUND('',#1637,.T.);
#1637=EDGE_LOOP('',(#2840,#2841,#2842,#2843));
#1638=FACE_BOUND('',#1639,.T.);
#1639=EDGE_LOOP('',(#2844,#2845,#2846,#2847));
#1640=FACE_BOUND('',#1641,.T.);
#1641=EDGE_LOOP('',(#2848,#2849,#2850,#2851));
#1642=FACE_BOUND('',#1643,.T.);
#1643=EDGE_LOOP('',(#2852,#2853,#2854,#2855));
#1644=FACE_BOUND('',#1645,.T.);
#1645=EDGE_LOOP('',(#2856,#2857,#2858,#2859));
#1646=FACE_BOUND('',#1647,.T.);
#1647=EDGE_LOOP('',(#2860,#2861,#2862,#2863));
#1648=PLANE('',#1649);
#1649=AXIS2_PLACEMENT_3D('',#1650,#1651,#1652);
#1650=CARTESIAN_POINT('',(0.,0.,2.));
#1651=DIRECTION('',(0.,0.,1.));
#1652=DIRECTION('',(1.,0.,0.));
#1653=FACE_BOUND('',#1654,.T.);
#1654=EDGE_LOOP('',(#2864,#2865,#2866,#2867,#2868,#2869));
#1655=PLANE('',#1656);
#1656=AXIS2_PLACEMENT_3D('',#1657,#1658,#1659);
#1657=CARTESIAN_POINT('',(-1.8,0.,0.));
#1658=DIRECTION('',(-1.,0.,0.));
#1659=DIRECTION('',(0.,0.,1.));
#1660=FACE_BOUND('',#1661,.T.);
#1661=EDGE_LOOP('',(#2870,#2871,#2872,#2873));
#1662=PLANE('',#1663);
#1663=AXIS2_PLACEMENT_3D('',#1664,#1665,#1666);
#1664=CARTESIAN_POINT('',(15.,-0.4,3.));
#1665=DIRECTION('',(-0.,-0.,-1.));
#1666=DIRECTION('',(0.,-1.,0.));
#1667=FACE_BOUND('',#1668,.T.);
#1668=EDGE_LOOP('',(#2874,#2875,#2876,#2877,#2878,#2879,#2880,#2881));
#1669=PLANE('',#1670);
#1670=AXIS2_PLACEMENT_3D('',#1671,#1672,#1673);
#1671=CARTESIAN_POINT('',(-2.5,0.,0.));
#1672=DIRECTION('',(-1.,0.,0.));
#1673=DIRECTION('',(0.,0.,1.));
#1674=FACE_BOUND('',#1675,.T.);
#1675=EDGE_LOOP('',(#2882,#2883,#2884,#2885));
#1676=PLANE('',#1677);
#1677=AXIS2_PLACEMENT_3D('',#1678,#1679,#1680);
#1678=CARTESIAN_POINT('',(0.,0.,7.));
#1679=DIRECTION('',(0.,0.,1.));
#1680=DIRECTION('',(1.,0.,0.));
#1681=FACE_BOUND('',#1682,.T.);
#1682=EDGE_LOOP('',(#2886,#2887,#2888,#2889));
#1683=PLANE('',#1684);
#1684=AXIS2_PLACEMENT_3D('',#1685,#1686,#1687);
#1685=CARTESIAN_POINT('',(-1.25,-1.5,7.));
#1686=DIRECTION('',(-0.707106781186548,-0.,-0.707106781186547));
#1687=DIRECTION('',(0.707106781186547,0.,-0.707106781186548));
#1688=FACE_BOUND('',#1689,.T.);
#1689=EDGE_LOOP('',(#2890,#2891,#2892,#2893));
#1690=PLANE('',#1691);
#1691=AXIS2_PLACEMENT_3D('',#1692,#1693,#1694);
#1692=CARTESIAN_POINT('',(-0.85,-1.5,6.6));
#1693=DIRECTION('',(-0.707106781186548,0.,0.707106781186547));
#1694=DIRECTION('',(-0.707106781186547,0.,-0.707106781186548));
#1695=FACE_BOUND('',#1696,.T.);
#1696=EDGE_LOOP('',(#2894,#2895,#2896,#2897));
#1697=PLANE('',#1698);
#1698=AXIS2_PLACEMENT_3D('',#1699,#1700,#1701);
#1699=CARTESIAN_POINT('',(-1.25,-1.5,6.2));
#1700=DIRECTION('',(-1.,-0.,-0.));
#1701=DIRECTION('',(0.,0.,-1.));
#1702=FACE_BOUND('',#1703,.T.);
#1703=EDGE_LOOP('',(#2898,#2899,#2900,#2901));
#1704=CYLINDRICAL_SURFACE('',#1705,0.6);
#1705=AXIS2_PLACEMENT_3D('',#1706,#1707,#1708);
#1706=CARTESIAN_POINT('',(-0.65,-1.5,3.6));
#1707=DIRECTION('',(0.,-1.,0.));
#1708=DIRECTION('',(-1.,0.,0.));
#1709=FACE_BOUND('',#1710,.T.);
#1710=EDGE_LOOP('',(#2902,#2903,#2904,#2905));
#1711=PLANE('',#1712);
#1712=AXIS2_PLACEMENT_3D('',#1713,#1714,#1715);
#1713=CARTESIAN_POINT('',(-0.65,-1.5,3.));
#1714=DIRECTION('',(0.,0.,-1.));
#1715=DIRECTION('',(1.,0.,0.));
#1716=FACE_BOUND('',#1717,.T.);
#1717=EDGE_LOOP('',(#2906,#2907,#2908,#2909));
#1718=PLANE('',#1719);
#1719=AXIS2_PLACEMENT_3D('',#1720,#1721,#1722);
#1720=CARTESIAN_POINT('',(1.25,-1.5,3.));
#1721=DIRECTION('',(1.,0.,-0.));
#1722=DIRECTION('',(0.,0.,1.));
#1723=FACE_BOUND('',#1724,.T.);
#1724=EDGE_LOOP('',(#2910,#2911,#2912,#2913));
#1725=PLANE('',#1726);
#1726=AXIS2_PLACEMENT_3D('',#1727,#1728,#1729);
#1727=CARTESIAN_POINT('',(0.,0.,0.));
#1728=DIRECTION('',(0.,0.,1.));
#1729=DIRECTION('',(1.,0.,0.));
#1730=FACE_BOUND('',#1731,.T.);
#1731=EDGE_LOOP('',(#2914,#2915,#2916,#2917));
#1732=PLANE('',#1733);
#1733=AXIS2_PLACEMENT_3D('',#1734,#1735,#1736);
#1734=CARTESIAN_POINT('',(-0.85,-2.2,0.4));
#1735=DIRECTION('',(-1.,0.,0.));
#1736=DIRECTION('',(0.,1.,0.));
#1737=FACE_BOUND('',#1738,.T.);
#1738=EDGE_LOOP('',(#2918,#2919,#2920,#2921));
#1739=FACE_BOUND('',#1740,.T.);
#1740=EDGE_LOOP('',(#2922,#2923,#2924,#2925));
#1741=PLANE('',#1742);
#1742=AXIS2_PLACEMENT_3D('',#1743,#1744,#1745);
#1743=CARTESIAN_POINT('',(0.,0.,0.4));
#1744=DIRECTION('',(-0.,0.,-1.));
#1745=DIRECTION('',(-1.,0.,0.));
#1746=FACE_BOUND('',#1747,.T.);
#1747=EDGE_LOOP('',(#2926,#2927,#2928,#2929));
#1748=PLANE('',#1749);
#1749=AXIS2_PLACEMENT_3D('',#1750,#1751,#1752);
#1750=CARTESIAN_POINT('',(0.85,3.55,0.4));
#1751=DIRECTION('',(1.,0.,0.));
#1752=DIRECTION('',(0.,-1.,0.));
#1753=FACE_BOUND('',#1754,.T.);
#1754=EDGE_LOOP('',(#2930,#2931,#2932,#2933));
#1755=PLANE('',#1756);
#1756=AXIS2_PLACEMENT_3D('',#1757,#1758,#1759);
#1757=CARTESIAN_POINT('',(0.,0.,0.));
#1758=DIRECTION('',(0.,0.,1.));
#1759=DIRECTION('',(1.,0.,0.));
#1760=FACE_BOUND('',#1761,.T.);
#1761=EDGE_LOOP('',(#2934,#2935,#2936,#2937));
#1762=PLANE('',#1763);
#1763=AXIS2_PLACEMENT_3D('',#1764,#1765,#1766);
#1764=CARTESIAN_POINT('',(1.65,-2.2,0.4));
#1765=DIRECTION('',(-1.,0.,0.));
#1766=DIRECTION('',(0.,1.,0.));
#1767=FACE_BOUND('',#1768,.T.);
#1768=EDGE_LOOP('',(#2938,#2939,#2940,#2941));
#1769=FACE_BOUND('',#1770,.T.);
#1770=EDGE_LOOP('',(#2942,#2943,#2944,#2945));
#1771=PLANE('',#1772);
#1772=AXIS2_PLACEMENT_3D('',#1773,#1774,#1775);
#1773=CARTESIAN_POINT('',(2.5,0.,0.4));
#1774=DIRECTION('',(-0.,0.,-1.));
#1775=DIRECTION('',(-1.,0.,0.));
#1776=FACE_BOUND('',#1777,.T.);
#1777=EDGE_LOOP('',(#2946,#2947,#2948,#2949));
#1778=PLANE('',#1779);
#1779=AXIS2_PLACEMENT_3D('',#1780,#1781,#1782);
#1780=CARTESIAN_POINT('',(3.35,3.55,0.4));
#1781=DIRECTION('',(1.,0.,0.));
#1782=DIRECTION('',(0.,-1.,0.));
#1783=FACE_BOUND('',#1784,.T.);
#1784=EDGE_LOOP('',(#2950,#2951,#2952,#2953));
#1785=PLANE('',#1786);
#1786=AXIS2_PLACEMENT_3D('',#1787,#1788,#1789);
#1787=CARTESIAN_POINT('',(0.,0.,0.));
#1788=DIRECTION('',(0.,0.,1.));
#1789=DIRECTION('',(1.,0.,0.));
#1790=FACE_BOUND('',#1791,.T.);
#1791=EDGE_LOOP('',(#2954,#2955,#2956,#2957));
#1792=PLANE('',#1793);
#1793=AXIS2_PLACEMENT_3D('',#1794,#1795,#1796);
#1794=CARTESIAN_POINT('',(4.15,-2.2,0.4));
#1795=DIRECTION('',(-1.,0.,0.));
#1796=DIRECTION('',(0.,1.,0.));
#1797=FACE_BOUND('',#1798,.T.);
#1798=EDGE_LOOP('',(#2958,#2959,#2960,#2961));
#1799=FACE_BOUND('',#1800,.T.);
#1800=EDGE_LOOP('',(#2962,#2963,#2964,#2965));
#1801=PLANE('',#1802);
#1802=AXIS2_PLACEMENT_3D('',#1803,#1804,#1805);
#1803=CARTESIAN_POINT('',(5.,0.,0.4));
#1804=DIRECTION('',(-0.,0.,-1.));
#1805=DIRECTION('',(-1.,0.,0.));
#1806=FACE_BOUND('',#1807,.T.);
#1807=EDGE_LOOP('',(#2966,#2967,#2968,#2969));
#1808=PLANE('',#1809);
#1809=AXIS2_PLACEMENT_3D('',#1810,#1811,#1812);
#1810=CARTESIAN_POINT('',(5.85,3.55,0.4));
#1811=DIRECTION('',(1.,0.,0.));
#1812=DIRECTION('',(0.,-1.,0.));
#1813=FACE_BOUND('',#1814,.T.);
#1814=EDGE_LOOP('',(#2970,#2971,#2972,#2973));
#1815=PLANE('',#1816);
#1816=AXIS2_PLACEMENT_3D('',#1817,#1818,#1819);
#1817=CARTESIAN_POINT('',(0.,0.,0.));
#1818=DIRECTION('',(0.,0.,1.));
#1819=DIRECTION('',(1.,0.,0.));
#1820=FACE_BOUND('',#1821,.T.);
#1821=EDGE_LOOP('',(#2974,#2975,#2976,#2977));
#1822=PLANE('',#1823);
#1823=AXIS2_PLACEMENT_3D('',#1824,#1825,#1826);
#1824=CARTESIAN_POINT('',(6.65,-2.2,0.4));
#1825=DIRECTION('',(-1.,0.,0.));
#1826=DIRECTION('',(0.,1.,0.));
#1827=FACE_BOUND('',#1828,.T.);
#1828=EDGE_LOOP('',(#2978,#2979,#2980,#2981));
#1829=FACE_BOUND('',#1830,.T.);
#1830=EDGE_LOOP('',(#2982,#2983,#2984,#2985));
#1831=PLANE('',#1832);
#1832=AXIS2_PLACEMENT_3D('',#1833,#1834,#1835);
#1833=CARTESIAN_POINT('',(7.5,0.,0.4));
#1834=DIRECTION('',(-0.,0.,-1.));
#1835=DIRECTION('',(-1.,0.,0.));
#1836=FACE_BOUND('',#1837,.T.);
#1837=EDGE_LOOP('',(#2986,#2987,#2988,#2989));
#1838=PLANE('',#1839);
#1839=AXIS2_PLACEMENT_3D('',#1840,#1841,#1842);
#1840=CARTESIAN_POINT('',(8.35,3.55,0.4));
#1841=DIRECTION('',(1.,0.,0.));
#1842=DIRECTION('',(0.,-1.,0.));
#1843=FACE_BOUND('',#1844,.T.);
#1844=EDGE_LOOP('',(#2990,#2991,#2992,#2993));
#1845=PLANE('',#1846);
#1846=AXIS2_PLACEMENT_3D('',#1847,#1848,#1849);
#1847=CARTESIAN_POINT('',(0.,0.,0.));
#1848=DIRECTION('',(0.,0.,1.));
#1849=DIRECTION('',(1.,0.,0.));
#1850=FACE_BOUND('',#1851,.T.);
#1851=EDGE_LOOP('',(#2994,#2995,#2996,#2997));
#1852=PLANE('',#1853);
#1853=AXIS2_PLACEMENT_3D('',#1854,#1855,#1856);
#1854=CARTESIAN_POINT('',(9.15,-2.2,0.4));
#1855=DIRECTION('',(-1.,0.,0.));
#1856=DIRECTION('',(0.,1.,0.));
#1857=FACE_BOUND('',#1858,.T.);
#1858=EDGE_LOOP('',(#2998,#2999,#3000,#3001));
#1859=FACE_BOUND('',#1860,.T.);
#1860=EDGE_LOOP('',(#3002,#3003,#3004,#3005));
#1861=PLANE('',#1862);
#1862=AXIS2_PLACEMENT_3D('',#1863,#1864,#1865);
#1863=CARTESIAN_POINT('',(10.,0.,0.4));
#1864=DIRECTION('',(-0.,0.,-1.));
#1865=DIRECTION('',(-1.,0.,0.));
#1866=FACE_BOUND('',#1867,.T.);
#1867=EDGE_LOOP('',(#3006,#3007,#3008,#3009));
#1868=PLANE('',#1869);
#1869=AXIS2_PLACEMENT_3D('',#1870,#1871,#1872);
#1870=CARTESIAN_POINT('',(10.85,3.55,0.4));
#1871=DIRECTION('',(1.,0.,0.));
#1872=DIRECTION('',(0.,-1.,0.));
#1873=FACE_BOUND('',#1874,.T.);
#1874=EDGE_LOOP('',(#3010,#3011,#3012,#3013));
#1875=PLANE('',#1876);
#1876=AXIS2_PLACEMENT_3D('',#1877,#1878,#1879);
#1877=CARTESIAN_POINT('',(0.,0.,0.));
#1878=DIRECTION('',(0.,0.,1.));
#1879=DIRECTION('',(1.,0.,0.));
#1880=FACE_BOUND('',#1881,.T.);
#1881=EDGE_LOOP('',(#3014,#3015,#3016,#3017));
#1882=PLANE('',#1883);
#1883=AXIS2_PLACEMENT_3D('',#1884,#1885,#1886);
#1884=CARTESIAN_POINT('',(11.65,-2.2,0.4));
#1885=DIRECTION('',(-1.,0.,0.));
#1886=DIRECTION('',(0.,1.,0.));
#1887=FACE_BOUND('',#1888,.T.);
#1888=EDGE_LOOP('',(#3018,#3019,#3020,#3021));
#1889=FACE_BOUND('',#1890,.T.);
#1890=EDGE_LOOP('',(#3022,#3023,#3024,#3025));
#1891=PLANE('',#1892);
#1892=AXIS2_PLACEMENT_3D('',#1893,#1894,#1895);
#1893=CARTESIAN_POINT('',(12.5,0.,0.4));
#1894=DIRECTION('',(-0.,0.,-1.));
#1895=DIRECTION('',(-1.,0.,0.));
#1896=FACE_BOUND('',#1897,.T.);
#1897=EDGE_LOOP('',(#3026,#3027,#3028,#3029));
#1898=PLANE('',#1899);
#1899=AXIS2_PLACEMENT_3D('',#1900,#1901,#1902);
#1900=CARTESIAN_POINT('',(13.35,3.55,0.4));
#1901=DIRECTION('',(1.,0.,0.));
#1902=DIRECTION('',(0.,-1.,0.));
#1903=FACE_BOUND('',#1904,.T.);
#1904=EDGE_LOOP('',(#3030,#3031,#3032,#3033));
#1905=PLANE('',#1906);
#1906=AXIS2_PLACEMENT_3D('',#1907,#1908,#1909);
#1907=CARTESIAN_POINT('',(0.,0.,0.));
#1908=DIRECTION('',(0.,0.,1.));
#1909=DIRECTION('',(1.,0.,0.));
#1910=FACE_BOUND('',#1911,.T.);
#1911=EDGE_LOOP('',(#3034,#3035,#3036,#3037,#3038));
#1912=PLANE('',#1913);
#1913=AXIS2_PLACEMENT_3D('',#1914,#1915,#1916);
#1914=CARTESIAN_POINT('',(15.,-0.4,7.));
#1915=DIRECTION('',(0.,1.,0.));
#1916=DIRECTION('',(0.,0.,-1.));
#1917=FACE_BOUND('',#1918,.T.);
#1918=EDGE_LOOP('',(#3039,#3040,#3041,#3042,#3043,#3044,#3045,#3046,#3047,#3048,
#3049,#3050,#3051,#3052,#3053,#3054,#3055,#3056,#3057,#3058,#3059,#3060,#3061,#3062,
#3063,#3064,#3065,#3066));
#1919=PLANE('',#1920);
#1920=AXIS2_PLACEMENT_3D('',#1921,#1922,#1923);
#1921=CARTESIAN_POINT('',(1.25,3.55,0.));
#1922=DIRECTION('',(0.,1.,-0.));
#1923=DIRECTION('',(-1.,0.,0.));
#1924=FACE_BOUND('',#1925,.T.);
#1925=EDGE_LOOP('',(#3067,#3068,#3069,#3070,#3071,#3072,#3073,#3074));
#1926=PLANE('',#1927);
#1927=AXIS2_PLACEMENT_3D('',#1928,#1929,#1930);
#1928=CARTESIAN_POINT('',(0.,0.,7.));
#1929=DIRECTION('',(0.,0.,1.));
#1930=DIRECTION('',(1.,0.,0.));
#1931=FACE_BOUND('',#1932,.T.);
#1932=EDGE_LOOP('',(#3075,#3076,#3077,#3078));
#1933=PLANE('',#1934);
#1934=AXIS2_PLACEMENT_3D('',#1935,#1936,#1937);
#1935=CARTESIAN_POINT('',(14.6,4.05,7.));
#1936=DIRECTION('',(0.707106781186545,-2.22313976450799E-016,-0.70710678118655));
#1937=DIRECTION('',(-3.14399440601814E-016,-1.,0.));
#1938=FACE_BOUND('',#1939,.T.);
#1939=EDGE_LOOP('',(#3079,#3080,#3081,#3082));
#1940=PLANE('',#1941);
#1941=AXIS2_PLACEMENT_3D('',#1942,#1943,#1944);
#1942=CARTESIAN_POINT('',(1.25,2.85,2.));
#1943=DIRECTION('',(0.,1.,-0.));
#1944=DIRECTION('',(-1.,0.,0.));
#1945=FACE_BOUND('',#1946,.T.);
#1946=EDGE_LOOP('',(#3083,#3084,#3085,#3086));
#1947=PLANE('',#1948);
#1948=AXIS2_PLACEMENT_3D('',#1949,#1950,#1951);
#1949=CARTESIAN_POINT('',(2.82,0.32,-3.5));
#1950=DIRECTION('',(0.,1.,-0.));
#1951=DIRECTION('',(-1.,0.,0.));
#1952=FACE_BOUND('',#1953,.T.);
#1953=EDGE_LOOP('',(#3087,#3088,#3089,#3090));
#1954=PLANE('',#1955);
#1955=AXIS2_PLACEMENT_3D('',#1956,#1957,#1958);
#1956=CARTESIAN_POINT('',(2.82,-0.32,-3.5));
#1957=DIRECTION('',(1.,0.,0.));
#1958=DIRECTION('',(0.,1.,0.));
#1959=FACE_BOUND('',#1960,.T.);
#1960=EDGE_LOOP('',(#3091,#3092,#3093,#3094));
#1961=PLANE('',#1962);
#1962=AXIS2_PLACEMENT_3D('',#1963,#1964,#1965);
#1963=CARTESIAN_POINT('',(2.18,-0.32,-3.5));
#1964=DIRECTION('',(0.,-1.,0.));
#1965=DIRECTION('',(1.,0.,0.));
#1966=FACE_BOUND('',#1967,.T.);
#1967=EDGE_LOOP('',(#3095,#3096,#3097,#3098));
#1968=PLANE('',#1969);
#1969=AXIS2_PLACEMENT_3D('',#1970,#1971,#1972);
#1970=CARTESIAN_POINT('',(2.18,0.32,-3.5));
#1971=DIRECTION('',(-1.,0.,0.));
#1972=DIRECTION('',(0.,-1.,0.));
#1973=FACE_BOUND('',#1974,.T.);
#1974=EDGE_LOOP('',(#3099,#3100,#3101,#3102));
#1975=PLANE('',#1976);
#1976=AXIS2_PLACEMENT_3D('',#1977,#1978,#1979);
#1977=CARTESIAN_POINT('',(5.32,0.32,-3.5));
#1978=DIRECTION('',(0.,1.,-0.));
#1979=DIRECTION('',(-1.,0.,0.));
#1980=FACE_BOUND('',#1981,.T.);
#1981=EDGE_LOOP('',(#3103,#3104,#3105,#3106));
#1982=PLANE('',#1983);
#1983=AXIS2_PLACEMENT_3D('',#1984,#1985,#1986);
#1984=CARTESIAN_POINT('',(5.32,-0.32,-3.5));
#1985=DIRECTION('',(1.,0.,0.));
#1986=DIRECTION('',(0.,1.,0.));
#1987=FACE_BOUND('',#1988,.T.);
#1988=EDGE_LOOP('',(#3107,#3108,#3109,#3110));
#1989=PLANE('',#1990);
#1990=AXIS2_PLACEMENT_3D('',#1991,#1992,#1993);
#1991=CARTESIAN_POINT('',(4.68,-0.32,-3.5));
#1992=DIRECTION('',(0.,-1.,0.));
#1993=DIRECTION('',(1.,0.,0.));
#1994=FACE_BOUND('',#1995,.T.);
#1995=EDGE_LOOP('',(#3111,#3112,#3113,#3114));
#1996=PLANE('',#1997);
#1997=AXIS2_PLACEMENT_3D('',#1998,#1999,#2000);
#1998=CARTESIAN_POINT('',(4.68,0.32,-3.5));
#1999=DIRECTION('',(-1.,0.,0.));
#2000=DIRECTION('',(0.,-1.,0.));
#2001=FACE_BOUND('',#2002,.T.);
#2002=EDGE_LOOP('',(#3115,#3116,#3117,#3118));
#2003=PLANE('',#2004);
#2004=AXIS2_PLACEMENT_3D('',#2005,#2006,#2007);
#2005=CARTESIAN_POINT('',(7.82,0.32,-3.5));
#2006=DIRECTION('',(0.,1.,-0.));
#2007=DIRECTION('',(-1.,0.,0.));
#2008=FACE_BOUND('',#2009,.T.);
#2009=EDGE_LOOP('',(#3119,#3120,#3121,#3122));
#2010=PLANE('',#2011);
#2011=AXIS2_PLACEMENT_3D('',#2012,#2013,#2014);
#2012=CARTESIAN_POINT('',(7.82,-0.32,-3.5));
#2013=DIRECTION('',(1.,0.,0.));
#2014=DIRECTION('',(0.,1.,0.));
#2015=FACE_BOUND('',#2016,.T.);
#2016=EDGE_LOOP('',(#3123,#3124,#3125,#3126));
#2017=PLANE('',#2018);
#2018=AXIS2_PLACEMENT_3D('',#2019,#2020,#2021);
#2019=CARTESIAN_POINT('',(7.18,-0.32,-3.5));
#2020=DIRECTION('',(0.,-1.,0.));
#2021=DIRECTION('',(1.,0.,0.));
#2022=FACE_BOUND('',#2023,.T.);
#2023=EDGE_LOOP('',(#3127,#3128,#3129,#3130));
#2024=PLANE('',#2025);
#2025=AXIS2_PLACEMENT_3D('',#2026,#2027,#2028);
#2026=CARTESIAN_POINT('',(7.18,0.32,-3.5));
#2027=DIRECTION('',(-1.,0.,0.));
#2028=DIRECTION('',(0.,-1.,0.));
#2029=FACE_BOUND('',#2030,.T.);
#2030=EDGE_LOOP('',(#3131,#3132,#3133,#3134));
#2031=PLANE('',#2032);
#2032=AXIS2_PLACEMENT_3D('',#2033,#2034,#2035);
#2033=CARTESIAN_POINT('',(10.32,0.32,-3.5));
#2034=DIRECTION('',(0.,1.,-0.));
#2035=DIRECTION('',(-1.,0.,0.));
#2036=FACE_BOUND('',#2037,.T.);
#2037=EDGE_LOOP('',(#3135,#3136,#3137,#3138));
#2038=PLANE('',#2039);
#2039=AXIS2_PLACEMENT_3D('',#2040,#2041,#2042);
#2040=CARTESIAN_POINT('',(10.32,-0.32,-3.5));
#2041=DIRECTION('',(1.,0.,0.));
#2042=DIRECTION('',(0.,1.,0.));
#2043=FACE_BOUND('',#2044,.T.);
#2044=EDGE_LOOP('',(#3139,#3140,#3141,#3142));
#2045=PLANE('',#2046);
#2046=AXIS2_PLACEMENT_3D('',#2047,#2048,#2049);
#2047=CARTESIAN_POINT('',(9.68,-0.32,-3.5));
#2048=DIRECTION('',(0.,-1.,0.));
#2049=DIRECTION('',(1.,0.,0.));
#2050=FACE_BOUND('',#2051,.T.);
#2051=EDGE_LOOP('',(#3143,#3144,#3145,#3146));
#2052=PLANE('',#2053);
#2053=AXIS2_PLACEMENT_3D('',#2054,#2055,#2056);
#2054=CARTESIAN_POINT('',(9.68,0.32,-3.5));
#2055=DIRECTION('',(-1.,0.,0.));
#2056=DIRECTION('',(0.,-1.,0.));
#2057=FACE_BOUND('',#2058,.T.);
#2058=EDGE_LOOP('',(#3147,#3148,#3149,#3150));
#2059=PLANE('',#2060);
#2060=AXIS2_PLACEMENT_3D('',#2061,#2062,#2063);
#2061=CARTESIAN_POINT('',(12.82,0.32,-3.5));
#2062=DIRECTION('',(0.,1.,-0.));
#2063=DIRECTION('',(-1.,0.,0.));
#2064=FACE_BOUND('',#2065,.T.);
#2065=EDGE_LOOP('',(#3151,#3152,#3153,#3154));
#2066=PLANE('',#2067);
#2067=AXIS2_PLACEMENT_3D('',#2068,#2069,#2070);
#2068=CARTESIAN_POINT('',(12.82,-0.32,-3.5));
#2069=DIRECTION('',(1.,0.,0.));
#2070=DIRECTION('',(0.,1.,0.));
#2071=FACE_BOUND('',#2072,.T.);
#2072=EDGE_LOOP('',(#3155,#3156,#3157,#3158));
#2073=PLANE('',#2074);
#2074=AXIS2_PLACEMENT_3D('',#2075,#2076,#2077);
#2075=CARTESIAN_POINT('',(12.18,-0.32,-3.5));
#2076=DIRECTION('',(0.,-1.,0.));
#2077=DIRECTION('',(1.,0.,0.));
#2078=FACE_BOUND('',#2079,.T.);
#2079=EDGE_LOOP('',(#3159,#3160,#3161,#3162));
#2080=PLANE('',#2081);
#2081=AXIS2_PLACEMENT_3D('',#2082,#2083,#2084);
#2082=CARTESIAN_POINT('',(12.18,0.32,-3.5));
#2083=DIRECTION('',(-1.,0.,0.));
#2084=DIRECTION('',(0.,-1.,0.));
#2085=FACE_BOUND('',#2086,.T.);
#2086=EDGE_LOOP('',(#3163,#3164,#3165,#3166));
#2087=PLANE('',#2088);
#2088=AXIS2_PLACEMENT_3D('',#2089,#2090,#2091);
#2089=CARTESIAN_POINT('',(0.32,0.32,-3.5));
#2090=DIRECTION('',(0.,1.,-0.));
#2091=DIRECTION('',(-1.,0.,0.));
#2092=FACE_BOUND('',#2093,.T.);
#2093=EDGE_LOOP('',(#3167,#3168,#3169,#3170));
#2094=PLANE('',#2095);
#2095=AXIS2_PLACEMENT_3D('',#2096,#2097,#2098);
#2096=CARTESIAN_POINT('',(0.32,-0.32,-3.5));
#2097=DIRECTION('',(1.,0.,0.));
#2098=DIRECTION('',(0.,1.,0.));
#2099=FACE_BOUND('',#2100,.T.);
#2100=EDGE_LOOP('',(#3171,#3172,#3173,#3174));
#2101=PLANE('',#2102);
#2102=AXIS2_PLACEMENT_3D('',#2103,#2104,#2105);
#2103=CARTESIAN_POINT('',(-0.32,-0.32,-3.5));
#2104=DIRECTION('',(0.,-1.,0.));
#2105=DIRECTION('',(1.,0.,0.));
#2106=FACE_BOUND('',#2107,.T.);
#2107=EDGE_LOOP('',(#3175,#3176,#3177,#3178));
#2108=PLANE('',#2109);
#2109=AXIS2_PLACEMENT_3D('',#2110,#2111,#2112);
#2110=CARTESIAN_POINT('',(-0.32,0.32,-3.5));
#2111=DIRECTION('',(-1.,0.,0.));
#2112=DIRECTION('',(0.,-1.,0.));
#2113=FACE_BOUND('',#2114,.T.);
#2114=EDGE_LOOP('',(#3179,#3180,#3181,#3182));
#2115=PLANE('',#2116);
#2116=AXIS2_PLACEMENT_3D('',#2117,#2118,#2119);
#2117=CARTESIAN_POINT('',(-2.1,4.05,7.));
#2118=DIRECTION('',(0.707106781186546,5.55784941126999E-017,0.707106781186549));
#2119=DIRECTION('',(7.85998601504536E-017,-1.,6.17045238379134E-033));
#2120=FACE_BOUND('',#2121,.T.);
#2121=EDGE_LOOP('',(#3183,#3184,#3185,#3186,#3187));
#2122=PLANE('',#2123);
#2123=AXIS2_PLACEMENT_3D('',#2124,#2125,#2126);
#2124=CARTESIAN_POINT('',(15.,-0.4,7.));
#2125=DIRECTION('',(0.,1.,0.));
#2126=DIRECTION('',(0.,0.,-1.));
#2127=FACE_BOUND('',#2128,.T.);
#2128=EDGE_LOOP('',(#3188,#3189,#3190,#3191));
#2129=PLANE('',#2130);
#2130=AXIS2_PLACEMENT_3D('',#2131,#2132,#2133);
#2131=CARTESIAN_POINT('',(0.32,0.32,-3.5));
#2132=DIRECTION('',(0.,1.,-0.));
#2133=DIRECTION('',(-1.,0.,0.));
#2134=FACE_BOUND('',#2135,.T.);
#2135=EDGE_LOOP('',(#3192,#3193,#3194,#3195));
#2136=PLANE('',#2137);
#2137=AXIS2_PLACEMENT_3D('',#2138,#2139,#2140);
#2138=CARTESIAN_POINT('',(-0.32,0.32,-3.5));
#2139=DIRECTION('',(-1.,0.,0.));
#2140=DIRECTION('',(0.,-1.,0.));
#2141=FACE_BOUND('',#2142,.T.);
#2142=EDGE_LOOP('',(#3196,#3197,#3198,#3199));
#2143=PLANE('',#2144);
#2144=AXIS2_PLACEMENT_3D('',#2145,#2146,#2147);
#2145=CARTESIAN_POINT('',(-0.32,-0.32,-3.5));
#2146=DIRECTION('',(0.,-1.,0.));
#2147=DIRECTION('',(1.,0.,0.));
#2148=FACE_BOUND('',#2149,.T.);
#2149=EDGE_LOOP('',(#3200,#3201,#3202,#3203));
#2150=PLANE('',#2151);
#2151=AXIS2_PLACEMENT_3D('',#2152,#2153,#2154);
#2152=CARTESIAN_POINT('',(0.32,-0.32,-3.5));
#2153=DIRECTION('',(1.,0.,0.));
#2154=DIRECTION('',(0.,1.,0.));
#2155=FACE_BOUND('',#2156,.T.);
#2156=EDGE_LOOP('',(#3204,#3205,#3206,#3207));
#2157=PLANE('',#2158);
#2158=AXIS2_PLACEMENT_3D('',#2159,#2160,#2161);
#2159=CARTESIAN_POINT('',(2.82,0.32,-3.5));
#2160=DIRECTION('',(0.,1.,-0.));
#2161=DIRECTION('',(-1.,0.,0.));
#2162=FACE_BOUND('',#2163,.T.);
#2163=EDGE_LOOP('',(#3208,#3209,#3210,#3211));
#2164=PLANE('',#2165);
#2165=AXIS2_PLACEMENT_3D('',#2166,#2167,#2168);
#2166=CARTESIAN_POINT('',(2.18,0.32,-3.5));
#2167=DIRECTION('',(-1.,0.,0.));
#2168=DIRECTION('',(0.,-1.,0.));
#2169=FACE_BOUND('',#2170,.T.);
#2170=EDGE_LOOP('',(#3212,#3213,#3214,#3215));
#2171=PLANE('',#2172);
#2172=AXIS2_PLACEMENT_3D('',#2173,#2174,#2175);
#2173=CARTESIAN_POINT('',(2.18,-0.32,-3.5));
#2174=DIRECTION('',(0.,-1.,0.));
#2175=DIRECTION('',(1.,0.,0.));
#2176=FACE_BOUND('',#2177,.T.);
#2177=EDGE_LOOP('',(#3216,#3217,#3218,#3219));
#2178=PLANE('',#2179);
#2179=AXIS2_PLACEMENT_3D('',#2180,#2181,#2182);
#2180=CARTESIAN_POINT('',(2.82,-0.32,-3.5));
#2181=DIRECTION('',(1.,0.,0.));
#2182=DIRECTION('',(0.,1.,0.));
#2183=FACE_BOUND('',#2184,.T.);
#2184=EDGE_LOOP('',(#3220,#3221,#3222,#3223));
#2185=PLANE('',#2186);
#2186=AXIS2_PLACEMENT_3D('',#2187,#2188,#2189);
#2187=CARTESIAN_POINT('',(5.32,0.32,-3.5));
#2188=DIRECTION('',(0.,1.,-0.));
#2189=DIRECTION('',(-1.,0.,0.));
#2190=FACE_BOUND('',#2191,.T.);
#2191=EDGE_LOOP('',(#3224,#3225,#3226,#3227));
#2192=PLANE('',#2193);
#2193=AXIS2_PLACEMENT_3D('',#2194,#2195,#2196);
#2194=CARTESIAN_POINT('',(4.68,0.32,-3.5));
#2195=DIRECTION('',(-1.,0.,0.));
#2196=DIRECTION('',(0.,-1.,0.));
#2197=FACE_BOUND('',#2198,.T.);
#2198=EDGE_LOOP('',(#3228,#3229,#3230,#3231));
#2199=PLANE('',#2200);
#2200=AXIS2_PLACEMENT_3D('',#2201,#2202,#2203);
#2201=CARTESIAN_POINT('',(4.68,-0.32,-3.5));
#2202=DIRECTION('',(0.,-1.,0.));
#2203=DIRECTION('',(1.,0.,0.));
#2204=FACE_BOUND('',#2205,.T.);
#2205=EDGE_LOOP('',(#3232,#3233,#3234,#3235));
#2206=PLANE('',#2207);
#2207=AXIS2_PLACEMENT_3D('',#2208,#2209,#2210);
#2208=CARTESIAN_POINT('',(5.32,-0.32,-3.5));
#2209=DIRECTION('',(1.,0.,0.));
#2210=DIRECTION('',(0.,1.,0.));
#2211=FACE_BOUND('',#2212,.T.);
#2212=EDGE_LOOP('',(#3236,#3237,#3238,#3239));
#2213=PLANE('',#2214);
#2214=AXIS2_PLACEMENT_3D('',#2215,#2216,#2217);
#2215=CARTESIAN_POINT('',(7.82,0.32,-3.5));
#2216=DIRECTION('',(0.,1.,-0.));
#2217=DIRECTION('',(-1.,0.,0.));
#2218=FACE_BOUND('',#2219,.T.);
#2219=EDGE_LOOP('',(#3240,#3241,#3242,#3243));
#2220=PLANE('',#2221);
#2221=AXIS2_PLACEMENT_3D('',#2222,#2223,#2224);
#2222=CARTESIAN_POINT('',(7.18,0.32,-3.5));
#2223=DIRECTION('',(-1.,0.,0.));
#2224=DIRECTION('',(0.,-1.,0.));
#2225=FACE_BOUND('',#2226,.T.);
#2226=EDGE_LOOP('',(#3244,#3245,#3246,#3247));
#2227=PLANE('',#2228);
#2228=AXIS2_PLACEMENT_3D('',#2229,#2230,#2231);
#2229=CARTESIAN_POINT('',(7.18,-0.32,-3.5));
#2230=DIRECTION('',(0.,-1.,0.));
#2231=DIRECTION('',(1.,0.,0.));
#2232=FACE_BOUND('',#2233,.T.);
#2233=EDGE_LOOP('',(#3248,#3249,#3250,#3251));
#2234=PLANE('',#2235);
#2235=AXIS2_PLACEMENT_3D('',#2236,#2237,#2238);
#2236=CARTESIAN_POINT('',(7.82,-0.32,-3.5));
#2237=DIRECTION('',(1.,0.,0.));
#2238=DIRECTION('',(0.,1.,0.));
#2239=FACE_BOUND('',#2240,.T.);
#2240=EDGE_LOOP('',(#3252,#3253,#3254,#3255));
#2241=PLANE('',#2242);
#2242=AXIS2_PLACEMENT_3D('',#2243,#2244,#2245);
#2243=CARTESIAN_POINT('',(10.32,0.32,-3.5));
#2244=DIRECTION('',(0.,1.,-0.));
#2245=DIRECTION('',(-1.,0.,0.));
#2246=FACE_BOUND('',#2247,.T.);
#2247=EDGE_LOOP('',(#3256,#3257,#3258,#3259));
#2248=PLANE('',#2249);
#2249=AXIS2_PLACEMENT_3D('',#2250,#2251,#2252);
#2250=CARTESIAN_POINT('',(9.68,0.32,-3.5));
#2251=DIRECTION('',(-1.,0.,0.));
#2252=DIRECTION('',(0.,-1.,0.));
#2253=FACE_BOUND('',#2254,.T.);
#2254=EDGE_LOOP('',(#3260,#3261,#3262,#3263));
#2255=PLANE('',#2256);
#2256=AXIS2_PLACEMENT_3D('',#2257,#2258,#2259);
#2257=CARTESIAN_POINT('',(9.68,-0.32,-3.5));
#2258=DIRECTION('',(0.,-1.,0.));
#2259=DIRECTION('',(1.,0.,0.));
#2260=FACE_BOUND('',#2261,.T.);
#2261=EDGE_LOOP('',(#3264,#3265,#3266,#3267));
#2262=PLANE('',#2263);
#2263=AXIS2_PLACEMENT_3D('',#2264,#2265,#2266);
#2264=CARTESIAN_POINT('',(10.32,-0.32,-3.5));
#2265=DIRECTION('',(1.,0.,0.));
#2266=DIRECTION('',(0.,1.,0.));
#2267=FACE_BOUND('',#2268,.T.);
#2268=EDGE_LOOP('',(#3268,#3269,#3270,#3271));
#2269=PLANE('',#2270);
#2270=AXIS2_PLACEMENT_3D('',#2271,#2272,#2273);
#2271=CARTESIAN_POINT('',(12.82,0.32,-3.5));
#2272=DIRECTION('',(0.,1.,-0.));
#2273=DIRECTION('',(-1.,0.,0.));
#2274=FACE_BOUND('',#2275,.T.);
#2275=EDGE_LOOP('',(#3272,#3273,#3274,#3275));
#2276=PLANE('',#2277);
#2277=AXIS2_PLACEMENT_3D('',#2278,#2279,#2280);
#2278=CARTESIAN_POINT('',(12.18,0.32,-3.5));
#2279=DIRECTION('',(-1.,0.,0.));
#2280=DIRECTION('',(0.,-1.,0.));
#2281=FACE_BOUND('',#2282,.T.);
#2282=EDGE_LOOP('',(#3276,#3277,#3278,#3279));
#2283=PLANE('',#2284);
#2284=AXIS2_PLACEMENT_3D('',#2285,#2286,#2287);
#2285=CARTESIAN_POINT('',(12.18,-0.32,-3.5));
#2286=DIRECTION('',(0.,-1.,0.));
#2287=DIRECTION('',(1.,0.,0.));
#2288=FACE_BOUND('',#2289,.T.);
#2289=EDGE_LOOP('',(#3280,#3281,#3282,#3283));
#2290=PLANE('',#2291);
#2291=AXIS2_PLACEMENT_3D('',#2292,#2293,#2294);
#2292=CARTESIAN_POINT('',(12.82,-0.32,-3.5));
#2293=DIRECTION('',(1.,0.,0.));
#2294=DIRECTION('',(0.,1.,0.));
#2295=FACE_BOUND('',#2296,.T.);
#2296=EDGE_LOOP('',(#3284,#3285,#3286,#3287));
#2297=PLANE('',#2298);
#2298=AXIS2_PLACEMENT_3D('',#2299,#2300,#2301);
#2299=CARTESIAN_POINT('',(15.5,3.15,7.));
#2300=DIRECTION('',(-1.69739725263111E-017,-0.707106781186549,0.707106781186546));
#2301=DIRECTION('',(-1.,2.40048221540574E-017,0.));
#2302=FACE_BOUND('',#2303,.T.);
#2303=EDGE_LOOP('',(#3288,#3289,#3290,#3291));
#2304=PLANE('',#2305);
#2305=AXIS2_PLACEMENT_3D('',#2306,#2307,#2308);
#2306=CARTESIAN_POINT('',(3.76641016151378,0.32,6.12679491924311));
#2307=DIRECTION('',(1.8151898764984E-016,0.965925826289069,0.258819045102519));
#2308=DIRECTION('',(-1.,3.76053679555885E-032,7.01335512531312E-016));
#2309=FACE_BOUND('',#2310,.T.);
#2310=EDGE_LOOP('',(#3292,#3293,#3294,#3295));
#2311=PLANE('',#2312);
#2312=AXIS2_PLACEMENT_3D('',#2313,#2314,#2315);
#2313=CARTESIAN_POINT('',(2.82,-1.26641016151378,6.12679491924311));
#2314=DIRECTION('',(0.965925826289069,-1.8151898764984E-016,0.258819045102519));
#2315=DIRECTION('',(3.76053679555885E-032,1.,7.01335512531312E-016));
#2316=FACE_BOUND('',#2317,.T.);
#2317=EDGE_LOOP('',(#3296,#3297,#3298,#3299));
#2318=PLANE('',#2319);
#2319=AXIS2_PLACEMENT_3D('',#2320,#2321,#2322);
#2320=CARTESIAN_POINT('',(1.23358983848622,-0.32,6.12679491924311));
#2321=DIRECTION('',(0.,-0.965925826289068,0.258819045102522));
#2322=DIRECTION('',(1.,0.,0.));
#2323=FACE_BOUND('',#2324,.T.);
#2324=EDGE_LOOP('',(#3300,#3301,#3302,#3303));
#2325=PLANE('',#2326);
#2326=AXIS2_PLACEMENT_3D('',#2327,#2328,#2329);
#2327=CARTESIAN_POINT('',(2.18,1.26641016151378,6.12679491924311));
#2328=DIRECTION('',(-0.965925826289069,1.8151898764984E-016,0.258819045102519));
#2329=DIRECTION('',(-3.76053679555885E-032,-1.,7.01335512531312E-016));
#2330=FACE_BOUND('',#2331,.T.);
#2331=EDGE_LOOP('',(#3304,#3305,#3306,#3307));
#2332=PLANE('',#2333);
#2333=AXIS2_PLACEMENT_3D('',#2334,#2335,#2336);
#2334=CARTESIAN_POINT('',(6.26641016151378,0.32,6.12679491924311));
#2335=DIRECTION('',(0.,0.965925826289068,0.258819045102522));
#2336=DIRECTION('',(-1.,0.,0.));
#2337=FACE_BOUND('',#2338,.T.);
#2338=EDGE_LOOP('',(#3308,#3309,#3310,#3311));
#2339=PLANE('',#2340);
#2340=AXIS2_PLACEMENT_3D('',#2341,#2342,#2343);
#2341=CARTESIAN_POINT('',(5.32,-1.26641016151378,6.12679491924311));
#2342=DIRECTION('',(0.965925826289069,-1.81518987649839E-016,0.258819045102518));
#2343=DIRECTION('',(-3.76053679555885E-032,1.,7.01335512531312E-016));
#2344=FACE_BOUND('',#2345,.T.);
#2345=EDGE_LOOP('',(#3312,#3313,#3314,#3315));
#2346=PLANE('',#2347);
#2347=AXIS2_PLACEMENT_3D('',#2348,#2349,#2350);
#2348=CARTESIAN_POINT('',(3.73358983848622,-0.32,6.12679491924311));
#2349=DIRECTION('',(0.,-0.965925826289068,0.258819045102522));
#2350=DIRECTION('',(1.,0.,0.));
#2351=FACE_BOUND('',#2352,.T.);
#2352=EDGE_LOOP('',(#3316,#3317,#3318,#3319));
#2353=PLANE('',#2354);
#2354=AXIS2_PLACEMENT_3D('',#2355,#2356,#2357);
#2355=CARTESIAN_POINT('',(4.68,1.26641016151378,6.12679491924311));
#2356=DIRECTION('',(-0.965925826289069,1.81518987649839E-016,0.258819045102518));
#2357=DIRECTION('',(3.76053679555885E-032,-1.,7.01335512531312E-016));
#2358=FACE_BOUND('',#2359,.T.);
#2359=EDGE_LOOP('',(#3320,#3321,#3322,#3323));
#2360=PLANE('',#2361);
#2361=AXIS2_PLACEMENT_3D('',#2362,#2363,#2364);
#2362=CARTESIAN_POINT('',(8.76641016151378,0.32,6.12679491924311));
#2363=DIRECTION('',(0.,0.965925826289068,0.258819045102522));
#2364=DIRECTION('',(-1.,0.,0.));
#2365=FACE_BOUND('',#2366,.T.);
#2366=EDGE_LOOP('',(#3324,#3325,#3326,#3327));
#2367=PLANE('',#2368);
#2368=AXIS2_PLACEMENT_3D('',#2369,#2370,#2371);
#2369=CARTESIAN_POINT('',(7.82,-1.26641016151378,6.12679491924311));
#2370=DIRECTION('',(0.965925826289069,-1.81518987649839E-016,0.258819045102518));
#2371=DIRECTION('',(-3.76053679555885E-032,1.,7.01335512531312E-016));
#2372=FACE_BOUND('',#2373,.T.);
#2373=EDGE_LOOP('',(#3328,#3329,#3330,#3331));
#2374=PLANE('',#2375);
#2375=AXIS2_PLACEMENT_3D('',#2376,#2377,#2378);
#2376=CARTESIAN_POINT('',(6.23358983848622,-0.32,6.12679491924311));
#2377=DIRECTION('',(0.,-0.965925826289068,0.258819045102522));
#2378=DIRECTION('',(1.,0.,0.));
#2379=FACE_BOUND('',#2380,.T.);
#2380=EDGE_LOOP('',(#3332,#3333,#3334,#3335));
#2381=PLANE('',#2382);
#2382=AXIS2_PLACEMENT_3D('',#2383,#2384,#2385);
#2383=CARTESIAN_POINT('',(7.18,1.26641016151378,6.12679491924311));
#2384=DIRECTION('',(-0.965925826289069,1.81518987649839E-016,0.258819045102518));
#2385=DIRECTION('',(3.76053679555885E-032,-1.,7.01335512531312E-016));
#2386=FACE_BOUND('',#2387,.T.);
#2387=EDGE_LOOP('',(#3336,#3337,#3338,#3339));
#2388=PLANE('',#2389);
#2389=AXIS2_PLACEMENT_3D('',#2390,#2391,#2392);
#2390=CARTESIAN_POINT('',(11.2664101615138,0.32,6.12679491924311));
#2391=DIRECTION('',(1.8151898764984E-016,0.965925826289069,0.25881904510252));
#2392=DIRECTION('',(-1.,0.,7.01335512531312E-016));
#2393=FACE_BOUND('',#2394,.T.);
#2394=EDGE_LOOP('',(#3340,#3341,#3342,#3343));
#2395=PLANE('',#2396);
#2396=AXIS2_PLACEMENT_3D('',#2397,#2398,#2399);
#2397=CARTESIAN_POINT('',(10.32,-1.26641016151378,6.12679491924311));
#2398=DIRECTION('',(0.965925826289069,-1.81518987649839E-016,0.258819045102518));
#2399=DIRECTION('',(-3.76053679555885E-032,1.,7.01335512531312E-016));
#2400=FACE_BOUND('',#2401,.T.);
#2401=EDGE_LOOP('',(#3344,#3345,#3346,#3347));
#2402=PLANE('',#2403);
#2403=AXIS2_PLACEMENT_3D('',#2404,#2405,#2406);
#2404=CARTESIAN_POINT('',(8.73358983848622,-0.32,6.12679491924311));
#2405=DIRECTION('',(-1.8151898764984E-016,-0.965925826289069,0.25881904510252));
#2406=DIRECTION('',(1.,0.,7.01335512531312E-016));
#2407=FACE_BOUND('',#2408,.T.);
#2408=EDGE_LOOP('',(#3348,#3349,#3350,#3351));
#2409=PLANE('',#2410);
#2410=AXIS2_PLACEMENT_3D('',#2411,#2412,#2413);
#2411=CARTESIAN_POINT('',(9.68,1.26641016151378,6.12679491924311));
#2412=DIRECTION('',(-0.965925826289069,1.81518987649839E-016,0.258819045102518));
#2413=DIRECTION('',(3.76053679555885E-032,-1.,7.01335512531312E-016));
#2414=FACE_BOUND('',#2415,.T.);
#2415=EDGE_LOOP('',(#3352,#3353,#3354,#3355));
#2416=PLANE('',#2417);
#2417=AXIS2_PLACEMENT_3D('',#2418,#2419,#2420);
#2418=CARTESIAN_POINT('',(13.7664101615138,0.32,6.12679491924311));
#2419=DIRECTION('',(1.8151898764984E-016,0.965925826289069,0.25881904510252));
#2420=DIRECTION('',(-1.,0.,7.01335512531312E-016));
#2421=FACE_BOUND('',#2422,.T.);
#2422=EDGE_LOOP('',(#3356,#3357,#3358,#3359));
#2423=PLANE('',#2424);
#2424=AXIS2_PLACEMENT_3D('',#2425,#2426,#2427);
#2425=CARTESIAN_POINT('',(12.82,-1.26641016151378,6.12679491924311));
#2426=DIRECTION('',(0.965925826289069,-1.81518987649839E-016,0.258819045102518));
#2427=DIRECTION('',(-3.76053679555885E-032,1.,7.01335512531312E-016));
#2428=FACE_BOUND('',#2429,.T.);
#2429=EDGE_LOOP('',(#3360,#3361,#3362,#3363));
#2430=PLANE('',#2431);
#2431=AXIS2_PLACEMENT_3D('',#2432,#2433,#2434);
#2432=CARTESIAN_POINT('',(11.2335898384862,-0.32,6.12679491924311));
#2433=DIRECTION('',(-1.8151898764984E-016,-0.965925826289069,0.25881904510252));
#2434=DIRECTION('',(1.,0.,7.01335512531312E-016));
#2435=FACE_BOUND('',#2436,.T.);
#2436=EDGE_LOOP('',(#3364,#3365,#3366,#3367));
#2437=PLANE('',#2438);
#2438=AXIS2_PLACEMENT_3D('',#2439,#2440,#2441);
#2439=CARTESIAN_POINT('',(12.18,1.26641016151378,6.12679491924311));
#2440=DIRECTION('',(-0.965925826289069,1.81518987649839E-016,0.258819045102518));
#2441=DIRECTION('',(3.76053679555885E-032,-1.,7.01335512531312E-016));
#2442=FACE_BOUND('',#2443,.T.);
#2443=EDGE_LOOP('',(#3368,#3369,#3370,#3371));
#2444=PLANE('',#2445);
#2445=AXIS2_PLACEMENT_3D('',#2446,#2447,#2448);
#2446=CARTESIAN_POINT('',(1.26641016151378,0.32,6.12679491924311));
#2447=DIRECTION('',(0.,0.965925826289068,0.258819045102522));
#2448=DIRECTION('',(-1.,0.,0.));
#2449=FACE_BOUND('',#2450,.T.);
#2450=EDGE_LOOP('',(#3372,#3373,#3374,#3375));
#2451=PLANE('',#2452);
#2452=AXIS2_PLACEMENT_3D('',#2453,#2454,#2455);
#2453=CARTESIAN_POINT('',(0.32,-1.26641016151378,6.12679491924311));
#2454=DIRECTION('',(0.965925826289069,-1.8151898764984E-016,0.258819045102519));
#2455=DIRECTION('',(3.76053679555885E-032,1.,7.01335512531312E-016));
#2456=FACE_BOUND('',#2457,.T.);
#2457=EDGE_LOOP('',(#3376,#3377,#3378,#3379));
#2458=PLANE('',#2459);
#2459=AXIS2_PLACEMENT_3D('',#2460,#2461,#2462);
#2460=CARTESIAN_POINT('',(-1.26641016151378,-0.32,6.12679491924311));
#2461=DIRECTION('',(0.,-0.965925826289068,0.258819045102522));
#2462=DIRECTION('',(1.,0.,0.));
#2463=FACE_BOUND('',#2464,.T.);
#2464=EDGE_LOOP('',(#3380,#3381,#3382,#3383));
#2465=PLANE('',#2466);
#2466=AXIS2_PLACEMENT_3D('',#2467,#2468,#2469);
#2467=CARTESIAN_POINT('',(-0.32,1.26641016151378,6.12679491924311));
#2468=DIRECTION('',(-0.965925826289069,1.8151898764984E-016,0.258819045102519));
#2469=DIRECTION('',(-3.76053679555885E-032,-1.,7.01335512531312E-016));
#2470=FACE_BOUND('',#2471,.T.);
#2471=EDGE_LOOP('',(#3384,#3385,#3386,#3387));
#2472=PLANE('',#2473);
#2473=AXIS2_PLACEMENT_3D('',#2474,#2475,#2476);
#2474=CARTESIAN_POINT('',(1.26641016151378,0.32,-3.12679491924311));
#2475=DIRECTION('',(0.,-0.965925826289068,0.258819045102521));
#2476=DIRECTION('',(-1.,0.,0.));
#2477=FACE_BOUND('',#2478,.T.);
#2478=EDGE_LOOP('',(#3388,#3389,#3390,#3391));
#2479=PLANE('',#2480);
#2480=AXIS2_PLACEMENT_3D('',#2481,#2482,#2483);
#2481=CARTESIAN_POINT('',(-0.32,1.26641016151378,-3.12679491924311));
#2482=DIRECTION('',(0.965925826289068,0.,0.258819045102521));
#2483=DIRECTION('',(0.,-1.,0.));
#2484=FACE_BOUND('',#2485,.T.);
#2485=EDGE_LOOP('',(#3392,#3393,#3394,#3395));
#2486=PLANE('',#2487);
#2487=AXIS2_PLACEMENT_3D('',#2488,#2489,#2490);
#2488=CARTESIAN_POINT('',(-1.26641016151378,-0.32,-3.12679491924311));
#2489=DIRECTION('',(-0.,0.965925826289068,0.258819045102521));
#2490=DIRECTION('',(1.,0.,0.));
#2491=FACE_BOUND('',#2492,.T.);
#2492=EDGE_LOOP('',(#3396,#3397,#3398,#3399));
#2493=PLANE('',#2494);
#2494=AXIS2_PLACEMENT_3D('',#2495,#2496,#2497);
#2495=CARTESIAN_POINT('',(0.32,-1.26641016151378,-3.12679491924311));
#2496=DIRECTION('',(-0.965925826289068,0.,0.258819045102521));
#2497=DIRECTION('',(0.,1.,0.));
#2498=FACE_BOUND('',#2499,.T.);
#2499=EDGE_LOOP('',(#3400,#3401,#3402,#3403));
#2500=PLANE('',#2501);
#2501=AXIS2_PLACEMENT_3D('',#2502,#2503,#2504);
#2502=CARTESIAN_POINT('',(3.76641016151378,0.32,-3.12679491924311));
#2503=DIRECTION('',(0.,-0.965925826289068,0.258819045102521));
#2504=DIRECTION('',(-1.,0.,0.));
#2505=FACE_BOUND('',#2506,.T.);
#2506=EDGE_LOOP('',(#3404,#3405,#3406,#3407));
#2507=PLANE('',#2508);
#2508=AXIS2_PLACEMENT_3D('',#2509,#2510,#2511);
#2509=CARTESIAN_POINT('',(2.18,1.26641016151378,-3.12679491924311));
#2510=DIRECTION('',(0.965925826289068,0.,0.258819045102521));
#2511=DIRECTION('',(0.,-1.,0.));
#2512=FACE_BOUND('',#2513,.T.);
#2513=EDGE_LOOP('',(#3408,#3409,#3410,#3411));
#2514=PLANE('',#2515);
#2515=AXIS2_PLACEMENT_3D('',#2516,#2517,#2518);
#2516=CARTESIAN_POINT('',(1.23358983848622,-0.32,-3.12679491924311));
#2517=DIRECTION('',(-0.,0.965925826289068,0.258819045102521));
#2518=DIRECTION('',(1.,0.,0.));
#2519=FACE_BOUND('',#2520,.T.);
#2520=EDGE_LOOP('',(#3412,#3413,#3414,#3415));
#2521=PLANE('',#2522);
#2522=AXIS2_PLACEMENT_3D('',#2523,#2524,#2525);
#2523=CARTESIAN_POINT('',(2.82,-1.26641016151378,-3.12679491924311));
#2524=DIRECTION('',(-0.965925826289068,0.,0.258819045102521));
#2525=DIRECTION('',(0.,1.,0.));
#2526=FACE_BOUND('',#2527,.T.);
#2527=EDGE_LOOP('',(#3416,#3417,#3418,#3419));
#2528=PLANE('',#2529);
#2529=AXIS2_PLACEMENT_3D('',#2530,#2531,#2532);
#2530=CARTESIAN_POINT('',(6.26641016151378,0.32,-3.12679491924311));
#2531=DIRECTION('',(0.,-0.965925826289068,0.258819045102521));
#2532=DIRECTION('',(-1.,0.,0.));
#2533=FACE_BOUND('',#2534,.T.);
#2534=EDGE_LOOP('',(#3420,#3421,#3422,#3423));
#2535=PLANE('',#2536);
#2536=AXIS2_PLACEMENT_3D('',#2537,#2538,#2539);
#2537=CARTESIAN_POINT('',(4.68,1.26641016151378,-3.12679491924311));
#2538=DIRECTION('',(0.965925826289069,0.,0.25881904510252));
#2539=DIRECTION('',(0.,-1.,0.));
#2540=FACE_BOUND('',#2541,.T.);
#2541=EDGE_LOOP('',(#3424,#3425,#3426,#3427));
#2542=PLANE('',#2543);
#2543=AXIS2_PLACEMENT_3D('',#2544,#2545,#2546);
#2544=CARTESIAN_POINT('',(3.73358983848622,-0.32,-3.12679491924311));
#2545=DIRECTION('',(-0.,0.965925826289068,0.258819045102521));
#2546=DIRECTION('',(1.,0.,0.));
#2547=FACE_BOUND('',#2548,.T.);
#2548=EDGE_LOOP('',(#3428,#3429,#3430,#3431));
#2549=PLANE('',#2550);
#2550=AXIS2_PLACEMENT_3D('',#2551,#2552,#2553);
#2551=CARTESIAN_POINT('',(5.32,-1.26641016151378,-3.12679491924311));
#2552=DIRECTION('',(-0.965925826289069,0.,0.25881904510252));
#2553=DIRECTION('',(0.,1.,0.));
#2554=FACE_BOUND('',#2555,.T.);
#2555=EDGE_LOOP('',(#3432,#3433,#3434,#3435));
#2556=PLANE('',#2557);
#2557=AXIS2_PLACEMENT_3D('',#2558,#2559,#2560);
#2558=CARTESIAN_POINT('',(8.76641016151378,0.32,-3.12679491924311));
#2559=DIRECTION('',(0.,-0.965925826289068,0.258819045102521));
#2560=DIRECTION('',(-1.,0.,0.));
#2561=FACE_BOUND('',#2562,.T.);
#2562=EDGE_LOOP('',(#3436,#3437,#3438,#3439));
#2563=PLANE('',#2564);
#2564=AXIS2_PLACEMENT_3D('',#2565,#2566,#2567);
#2565=CARTESIAN_POINT('',(7.18,1.26641016151378,-3.12679491924311));
#2566=DIRECTION('',(0.965925826289069,0.,0.25881904510252));
#2567=DIRECTION('',(0.,-1.,0.));
#2568=FACE_BOUND('',#2569,.T.);
#2569=EDGE_LOOP('',(#3440,#3441,#3442,#3443));
#2570=PLANE('',#2571);
#2571=AXIS2_PLACEMENT_3D('',#2572,#2573,#2574);
#2572=CARTESIAN_POINT('',(6.23358983848622,-0.32,-3.12679491924311));
#2573=DIRECTION('',(-0.,0.965925826289068,0.258819045102521));
#2574=DIRECTION('',(1.,0.,0.));
#2575=FACE_BOUND('',#2576,.T.);
#2576=EDGE_LOOP('',(#3444,#3445,#3446,#3447));
#2577=PLANE('',#2578);
#2578=AXIS2_PLACEMENT_3D('',#2579,#2580,#2581);
#2579=CARTESIAN_POINT('',(7.82,-1.26641016151378,-3.12679491924311));
#2580=DIRECTION('',(-0.965925826289069,0.,0.25881904510252));
#2581=DIRECTION('',(0.,1.,0.));
#2582=FACE_BOUND('',#2583,.T.);
#2583=EDGE_LOOP('',(#3448,#3449,#3450,#3451));
#2584=PLANE('',#2585);
#2585=AXIS2_PLACEMENT_3D('',#2586,#2587,#2588);
#2586=CARTESIAN_POINT('',(11.2664101615138,0.32,-3.12679491924311));
#2587=DIRECTION('',(0.,-0.965925826289068,0.258819045102521));
#2588=DIRECTION('',(-1.,0.,0.));
#2589=FACE_BOUND('',#2590,.T.);
#2590=EDGE_LOOP('',(#3452,#3453,#3454,#3455));
#2591=PLANE('',#2592);
#2592=AXIS2_PLACEMENT_3D('',#2593,#2594,#2595);
#2593=CARTESIAN_POINT('',(9.68,1.26641016151378,-3.12679491924311));
#2594=DIRECTION('',(0.965925826289069,0.,0.25881904510252));
#2595=DIRECTION('',(0.,-1.,0.));
#2596=FACE_BOUND('',#2597,.T.);
#2597=EDGE_LOOP('',(#3456,#3457,#3458,#3459));
#2598=PLANE('',#2599);
#2599=AXIS2_PLACEMENT_3D('',#2600,#2601,#2602);
#2600=CARTESIAN_POINT('',(8.73358983848622,-0.32,-3.12679491924311));
#2601=DIRECTION('',(-0.,0.965925826289068,0.258819045102521));
#2602=DIRECTION('',(1.,0.,0.));
#2603=FACE_BOUND('',#2604,.T.);
#2604=EDGE_LOOP('',(#3460,#3461,#3462,#3463));
#2605=PLANE('',#2606);
#2606=AXIS2_PLACEMENT_3D('',#2607,#2608,#2609);
#2607=CARTESIAN_POINT('',(10.32,-1.26641016151378,-3.12679491924311));
#2608=DIRECTION('',(-0.965925826289069,0.,0.25881904510252));
#2609=DIRECTION('',(0.,1.,0.));
#2610=FACE_BOUND('',#2611,.T.);
#2611=EDGE_LOOP('',(#3464,#3465,#3466,#3467));
#2612=PLANE('',#2613);
#2613=AXIS2_PLACEMENT_3D('',#2614,#2615,#2616);
#2614=CARTESIAN_POINT('',(13.7664101615138,0.32,-3.12679491924311));
#2615=DIRECTION('',(0.,-0.965925826289068,0.258819045102521));
#2616=DIRECTION('',(-1.,0.,0.));
#2617=FACE_BOUND('',#2618,.T.);
#2618=EDGE_LOOP('',(#3468,#3469,#3470,#3471));
#2619=PLANE('',#2620);
#2620=AXIS2_PLACEMENT_3D('',#2621,#2622,#2623);
#2621=CARTESIAN_POINT('',(12.18,1.26641016151378,-3.12679491924311));
#2622=DIRECTION('',(0.965925826289069,0.,0.25881904510252));
#2623=DIRECTION('',(0.,-1.,0.));
#2624=FACE_BOUND('',#2625,.T.);
#2625=EDGE_LOOP('',(#3472,#3473,#3474,#3475));
#2626=PLANE('',#2627);
#2627=AXIS2_PLACEMENT_3D('',#2628,#2629,#2630);
#2628=CARTESIAN_POINT('',(11.2335898384862,-0.32,-3.12679491924311));
#2629=DIRECTION('',(-0.,0.965925826289068,0.258819045102521));
#2630=DIRECTION('',(1.,0.,0.));
#2631=FACE_BOUND('',#2632,.T.);
#2632=EDGE_LOOP('',(#3476,#3477,#3478,#3479));
#2633=PLANE('',#2634);
#2634=AXIS2_PLACEMENT_3D('',#2635,#2636,#2637);
#2635=CARTESIAN_POINT('',(12.82,-1.26641016151378,-3.12679491924311));
#2636=DIRECTION('',(-0.965925826289069,0.,0.25881904510252));
#2637=DIRECTION('',(0.,1.,0.));
#2638=FACE_BOUND('',#2639,.T.);
#2639=EDGE_LOOP('',(#3480,#3481,#3482,#3483));
#2640=PLANE('',#2641);
#2641=AXIS2_PLACEMENT_3D('',#2642,#2643,#2644);
#2642=CARTESIAN_POINT('',(2.5,0.,6.5));
#2643=DIRECTION('',(0.,0.,1.));
#2644=DIRECTION('',(1.,0.,0.));
#2645=FACE_BOUND('',#2646,.T.);
#2646=EDGE_LOOP('',(#3484,#3485,#3486,#3487));
#2647=PLANE('',#2648);
#2648=AXIS2_PLACEMENT_3D('',#2649,#2650,#2651);
#2649=CARTESIAN_POINT('',(5.,0.,6.5));
#2650=DIRECTION('',(0.,0.,1.));
#2651=DIRECTION('',(1.,0.,0.));
#2652=FACE_BOUND('',#2653,.T.);
#2653=EDGE_LOOP('',(#3488,#3489,#3490,#3491));
#2654=PLANE('',#2655);
#2655=AXIS2_PLACEMENT_3D('',#2656,#2657,#2658);
#2656=CARTESIAN_POINT('',(7.5,0.,6.5));
#2657=DIRECTION('',(0.,0.,1.));
#2658=DIRECTION('',(1.,0.,0.));
#2659=FACE_BOUND('',#2660,.T.);
#2660=EDGE_LOOP('',(#3492,#3493,#3494,#3495));
#2661=PLANE('',#2662);
#2662=AXIS2_PLACEMENT_3D('',#2663,#2664,#2665);
#2663=CARTESIAN_POINT('',(10.,0.,6.5));
#2664=DIRECTION('',(0.,0.,1.));
#2665=DIRECTION('',(1.,0.,0.));
#2666=FACE_BOUND('',#2667,.T.);
#2667=EDGE_LOOP('',(#3496,#3497,#3498,#3499));
#2668=PLANE('',#2669);
#2669=AXIS2_PLACEMENT_3D('',#2670,#2671,#2672);
#2670=CARTESIAN_POINT('',(12.5,0.,6.5));
#2671=DIRECTION('',(0.,0.,1.));
#2672=DIRECTION('',(1.,0.,0.));
#2673=FACE_BOUND('',#2674,.T.);
#2674=EDGE_LOOP('',(#3500,#3501,#3502,#3503));
#2675=PLANE('',#2676);
#2676=AXIS2_PLACEMENT_3D('',#2677,#2678,#2679);
#2677=CARTESIAN_POINT('',(0.,0.,6.5));
#2678=DIRECTION('',(0.,0.,1.));
#2679=DIRECTION('',(1.,0.,0.));
#2680=FACE_BOUND('',#2681,.T.);
#2681=EDGE_LOOP('',(#3504,#3505,#3506,#3507));
#2682=PLANE('',#2683);
#2683=AXIS2_PLACEMENT_3D('',#2684,#2685,#2686);
#2684=CARTESIAN_POINT('',(0.,0.,-3.5));
#2685=DIRECTION('',(0.,0.,1.));
#2686=DIRECTION('',(1.,0.,0.));
#2687=FACE_BOUND('',#2688,.T.);
#2688=EDGE_LOOP('',(#3508,#3509,#3510,#3511));
#2689=PLANE('',#2690);
#2690=AXIS2_PLACEMENT_3D('',#2691,#2692,#2693);
#2691=CARTESIAN_POINT('',(2.5,0.,-3.5));
#2692=DIRECTION('',(0.,0.,1.));
#2693=DIRECTION('',(1.,0.,0.));
#2694=FACE_BOUND('',#2695,.T.);
#2695=EDGE_LOOP('',(#3512,#3513,#3514,#3515));
#2696=PLANE('',#2697);
#2697=AXIS2_PLACEMENT_3D('',#2698,#2699,#2700);
#2698=CARTESIAN_POINT('',(5.,0.,-3.5));
#2699=DIRECTION('',(0.,0.,1.));
#2700=DIRECTION('',(1.,0.,0.));
#2701=FACE_BOUND('',#2702,.T.);
#2702=EDGE_LOOP('',(#3516,#3517,#3518,#3519));
#2703=PLANE('',#2704);
#2704=AXIS2_PLACEMENT_3D('',#2705,#2706,#2707);
#2705=CARTESIAN_POINT('',(7.5,0.,-3.5));
#2706=DIRECTION('',(0.,0.,1.));
#2707=DIRECTION('',(1.,0.,0.));
#2708=FACE_BOUND('',#2709,.T.);
#2709=EDGE_LOOP('',(#3520,#3521,#3522,#3523));
#2710=PLANE('',#2711);
#2711=AXIS2_PLACEMENT_3D('',#2712,#2713,#2714);
#2712=CARTESIAN_POINT('',(10.,0.,-3.5));
#2713=DIRECTION('',(0.,0.,1.));
#2714=DIRECTION('',(1.,0.,0.));
#2715=FACE_BOUND('',#2716,.T.);
#2716=EDGE_LOOP('',(#3524,#3525,#3526,#3527));
#2717=PLANE('',#2718);
#2718=AXIS2_PLACEMENT_3D('',#2719,#2720,#2721);
#2719=CARTESIAN_POINT('',(12.5,0.,-3.5));
#2720=DIRECTION('',(0.,0.,1.));
#2721=DIRECTION('',(1.,0.,0.));
#2722=ORIENTED_EDGE('',*,*,#3528,.T.);
#2723=ORIENTED_EDGE('',*,*,#3529,.T.);
#2724=ORIENTED_EDGE('',*,*,#3530,.T.);
#2725=ORIENTED_EDGE('',*,*,#3531,.T.);
#2726=ORIENTED_EDGE('',*,*,#3532,.T.);
#2727=ORIENTED_EDGE('',*,*,#3533,.T.);
#2728=ORIENTED_EDGE('',*,*,#3534,.F.);
#2729=ORIENTED_EDGE('',*,*,#3535,.F.);
#2730=ORIENTED_EDGE('',*,*,#3536,.T.);
#2731=ORIENTED_EDGE('',*,*,#3537,.F.);
#2732=ORIENTED_EDGE('',*,*,#3538,.F.);
#2733=ORIENTED_EDGE('',*,*,#3539,.T.);
#2734=ORIENTED_EDGE('',*,*,#3540,.T.);
#2735=ORIENTED_EDGE('',*,*,#3541,.F.);
#2736=ORIENTED_EDGE('',*,*,#3542,.F.);
#2737=ORIENTED_EDGE('',*,*,#3543,.T.);
#2738=ORIENTED_EDGE('',*,*,#3544,.T.);
#2739=ORIENTED_EDGE('',*,*,#3545,.T.);
#2740=ORIENTED_EDGE('',*,*,#3546,.T.);
#2741=ORIENTED_EDGE('',*,*,#3547,.T.);
#2742=ORIENTED_EDGE('',*,*,#3548,.T.);
#2743=ORIENTED_EDGE('',*,*,#3549,.F.);
#2744=ORIENTED_EDGE('',*,*,#3550,.T.);
#2745=ORIENTED_EDGE('',*,*,#3549,.T.);
#2746=ORIENTED_EDGE('',*,*,#3551,.T.);
#2747=ORIENTED_EDGE('',*,*,#3552,.T.);
#2748=ORIENTED_EDGE('',*,*,#3553,.T.);
#2749=ORIENTED_EDGE('',*,*,#3554,.T.);
#2750=ORIENTED_EDGE('',*,*,#3555,.T.);
#2751=ORIENTED_EDGE('',*,*,#3534,.T.);
#2752=ORIENTED_EDGE('',*,*,#3556,.T.);
#2753=ORIENTED_EDGE('',*,*,#3552,.F.);
#2754=ORIENTED_EDGE('',*,*,#3557,.T.);
#2755=ORIENTED_EDGE('',*,*,#3558,.T.);
#2756=ORIENTED_EDGE('',*,*,#3559,.T.);
#2757=ORIENTED_EDGE('',*,*,#3560,.T.);
#2758=ORIENTED_EDGE('',*,*,#3561,.T.);
#2759=ORIENTED_EDGE('',*,*,#3562,.T.);
#2760=ORIENTED_EDGE('',*,*,#3563,.F.);
#2761=ORIENTED_EDGE('',*,*,#3564,.F.);
#2762=ORIENTED_EDGE('',*,*,#3565,.F.);
#2763=ORIENTED_EDGE('',*,*,#3566,.T.);
#2764=ORIENTED_EDGE('',*,*,#3567,.T.);
#2765=ORIENTED_EDGE('',*,*,#3568,.T.);
#2766=ORIENTED_EDGE('',*,*,#3569,.T.);
#2767=ORIENTED_EDGE('',*,*,#3570,.T.);
#2768=ORIENTED_EDGE('',*,*,#3571,.T.);
#2769=ORIENTED_EDGE('',*,*,#3572,.T.);
#2770=ORIENTED_EDGE('',*,*,#3573,.T.);
#2771=ORIENTED_EDGE('',*,*,#3574,.T.);
#2772=ORIENTED_EDGE('',*,*,#3575,.T.);
#2773=ORIENTED_EDGE('',*,*,#3576,.T.);
#2774=ORIENTED_EDGE('',*,*,#3577,.T.);
#2775=ORIENTED_EDGE('',*,*,#3578,.T.);
#2776=ORIENTED_EDGE('',*,*,#3579,.T.);
#2777=ORIENTED_EDGE('',*,*,#3580,.T.);
#2778=ORIENTED_EDGE('',*,*,#3581,.T.);
#2779=ORIENTED_EDGE('',*,*,#3582,.T.);
#2780=ORIENTED_EDGE('',*,*,#3583,.T.);
#2781=ORIENTED_EDGE('',*,*,#3584,.T.);
#2782=ORIENTED_EDGE('',*,*,#3585,.T.);
#2783=ORIENTED_EDGE('',*,*,#3586,.T.);
#2784=ORIENTED_EDGE('',*,*,#3587,.T.);
#2785=ORIENTED_EDGE('',*,*,#3588,.T.);
#2786=ORIENTED_EDGE('',*,*,#3589,.T.);
#2787=ORIENTED_EDGE('',*,*,#3590,.T.);
#2788=ORIENTED_EDGE('',*,*,#3554,.F.);
#2789=ORIENTED_EDGE('',*,*,#3591,.T.);
#2790=ORIENTED_EDGE('',*,*,#3592,.T.);
#2791=ORIENTED_EDGE('',*,*,#3593,.T.);
#2792=ORIENTED_EDGE('',*,*,#3594,.T.);
#2793=ORIENTED_EDGE('',*,*,#3595,.T.);
#2794=ORIENTED_EDGE('',*,*,#3591,.F.);
#2795=ORIENTED_EDGE('',*,*,#3553,.F.);
#2796=ORIENTED_EDGE('',*,*,#3533,.F.);
#2797=ORIENTED_EDGE('',*,*,#3596,.T.);
#2798=ORIENTED_EDGE('',*,*,#3592,.F.);
#2799=ORIENTED_EDGE('',*,*,#3596,.F.);
#2800=ORIENTED_EDGE('',*,*,#3532,.F.);
#2801=ORIENTED_EDGE('',*,*,#3597,.T.);
#2802=ORIENTED_EDGE('',*,*,#3593,.F.);
#2803=ORIENTED_EDGE('',*,*,#3597,.F.);
#2804=ORIENTED_EDGE('',*,*,#3531,.F.);
#2805=ORIENTED_EDGE('',*,*,#3598,.T.);
#2806=ORIENTED_EDGE('',*,*,#3594,.F.);
#2807=ORIENTED_EDGE('',*,*,#3598,.F.);
#2808=ORIENTED_EDGE('',*,*,#3530,.F.);
#2809=ORIENTED_EDGE('',*,*,#3599,.T.);
#2810=ORIENTED_EDGE('',*,*,#3595,.F.);
#2811=ORIENTED_EDGE('',*,*,#3599,.F.);
#2812=ORIENTED_EDGE('',*,*,#3529,.F.);
#2813=ORIENTED_EDGE('',*,*,#3600,.T.);
#2814=ORIENTED_EDGE('',*,*,#3556,.F.);
#2815=ORIENTED_EDGE('',*,*,#3600,.F.);
#2816=ORIENTED_EDGE('',*,*,#3528,.F.);
#2817=ORIENTED_EDGE('',*,*,#3550,.F.);
#2818=ORIENTED_EDGE('',*,*,#3601,.T.);
#2819=ORIENTED_EDGE('',*,*,#3602,.T.);
#2820=ORIENTED_EDGE('',*,*,#3535,.T.);
#2821=ORIENTED_EDGE('',*,*,#3555,.F.);
#2822=ORIENTED_EDGE('',*,*,#3590,.F.);
#2823=ORIENTED_EDGE('',*,*,#3603,.F.);
#2824=ORIENTED_EDGE('',*,*,#3604,.F.);
#2825=ORIENTED_EDGE('',*,*,#3605,.F.);
#2826=ORIENTED_EDGE('',*,*,#3606,.F.);
#2827=ORIENTED_EDGE('',*,*,#3536,.F.);
#2828=ORIENTED_EDGE('',*,*,#3602,.F.);
#2829=ORIENTED_EDGE('',*,*,#3607,.T.);
#2830=ORIENTED_EDGE('',*,*,#3608,.F.);
#2831=ORIENTED_EDGE('',*,*,#3609,.T.);
#2832=ORIENTED_EDGE('',*,*,#3610,.T.);
#2833=ORIENTED_EDGE('',*,*,#3537,.T.);
#2834=ORIENTED_EDGE('',*,*,#3606,.T.);
#2835=ORIENTED_EDGE('',*,*,#3611,.T.);
#2836=ORIENTED_EDGE('',*,*,#3612,.T.);
#2837=ORIENTED_EDGE('',*,*,#3613,.T.);
#2838=ORIENTED_EDGE('',*,*,#3538,.T.);
#2839=ORIENTED_EDGE('',*,*,#3610,.F.);
#2840=ORIENTED_EDGE('',*,*,#3614,.F.);
#2841=ORIENTED_EDGE('',*,*,#3615,.F.);
#2842=ORIENTED_EDGE('',*,*,#3616,.F.);
#2843=ORIENTED_EDGE('',*,*,#3617,.F.);
#2844=ORIENTED_EDGE('',*,*,#3618,.F.);
#2845=ORIENTED_EDGE('',*,*,#3619,.F.);
#2846=ORIENTED_EDGE('',*,*,#3620,.F.);
#2847=ORIENTED_EDGE('',*,*,#3621,.F.);
#2848=ORIENTED_EDGE('',*,*,#3622,.F.);
#2849=ORIENTED_EDGE('',*,*,#3623,.F.);
#2850=ORIENTED_EDGE('',*,*,#3624,.F.);
#2851=ORIENTED_EDGE('',*,*,#3625,.F.);
#2852=ORIENTED_EDGE('',*,*,#3626,.F.);
#2853=ORIENTED_EDGE('',*,*,#3627,.F.);
#2854=ORIENTED_EDGE('',*,*,#3628,.F.);
#2855=ORIENTED_EDGE('',*,*,#3629,.F.);
#2856=ORIENTED_EDGE('',*,*,#3630,.F.);
#2857=ORIENTED_EDGE('',*,*,#3631,.F.);
#2858=ORIENTED_EDGE('',*,*,#3632,.F.);
#2859=ORIENTED_EDGE('',*,*,#3633,.F.);
#2860=ORIENTED_EDGE('',*,*,#3634,.F.);
#2861=ORIENTED_EDGE('',*,*,#3635,.F.);
#2862=ORIENTED_EDGE('',*,*,#3636,.F.);
#2863=ORIENTED_EDGE('',*,*,#3637,.F.);
#2864=ORIENTED_EDGE('',*,*,#3638,.F.);
#2865=ORIENTED_EDGE('',*,*,#3639,.T.);
#2866=ORIENTED_EDGE('',*,*,#3640,.T.);
#2867=ORIENTED_EDGE('',*,*,#3539,.F.);
#2868=ORIENTED_EDGE('',*,*,#3613,.F.);
#2869=ORIENTED_EDGE('',*,*,#3641,.F.);
#2870=ORIENTED_EDGE('',*,*,#3640,.F.);
#2871=ORIENTED_EDGE('',*,*,#3642,.T.);
#2872=ORIENTED_EDGE('',*,*,#3643,.F.);
#2873=ORIENTED_EDGE('',*,*,#3540,.F.);
#2874=ORIENTED_EDGE('',*,*,#3644,.T.);
#2875=ORIENTED_EDGE('',*,*,#3645,.T.);
#2876=ORIENTED_EDGE('',*,*,#3646,.T.);
#2877=ORIENTED_EDGE('',*,*,#3647,.T.);
#2878=ORIENTED_EDGE('',*,*,#3564,.T.);
#2879=ORIENTED_EDGE('',*,*,#3648,.T.);
#2880=ORIENTED_EDGE('',*,*,#3541,.T.);
#2881=ORIENTED_EDGE('',*,*,#3643,.T.);
#2882=ORIENTED_EDGE('',*,*,#3649,.T.);
#2883=ORIENTED_EDGE('',*,*,#3542,.T.);
#2884=ORIENTED_EDGE('',*,*,#3648,.F.);
#2885=ORIENTED_EDGE('',*,*,#3563,.T.);
#2886=ORIENTED_EDGE('',*,*,#3543,.F.);
#2887=ORIENTED_EDGE('',*,*,#3649,.F.);
#2888=ORIENTED_EDGE('',*,*,#3562,.F.);
#2889=ORIENTED_EDGE('',*,*,#3650,.F.);
#2890=ORIENTED_EDGE('',*,*,#3544,.F.);
#2891=ORIENTED_EDGE('',*,*,#3650,.T.);
#2892=ORIENTED_EDGE('',*,*,#3561,.F.);
#2893=ORIENTED_EDGE('',*,*,#3651,.F.);
#2894=ORIENTED_EDGE('',*,*,#3545,.F.);
#2895=ORIENTED_EDGE('',*,*,#3651,.T.);
#2896=ORIENTED_EDGE('',*,*,#3560,.F.);
#2897=ORIENTED_EDGE('',*,*,#3652,.F.);
#2898=ORIENTED_EDGE('',*,*,#3546,.F.);
#2899=ORIENTED_EDGE('',*,*,#3652,.T.);
#2900=ORIENTED_EDGE('',*,*,#3559,.F.);
#2901=ORIENTED_EDGE('',*,*,#3653,.F.);
#2902=ORIENTED_EDGE('',*,*,#3547,.F.);
#2903=ORIENTED_EDGE('',*,*,#3653,.T.);
#2904=ORIENTED_EDGE('',*,*,#3558,.F.);
#2905=ORIENTED_EDGE('',*,*,#3654,.F.);
#2906=ORIENTED_EDGE('',*,*,#3548,.F.);
#2907=ORIENTED_EDGE('',*,*,#3654,.T.);
#2908=ORIENTED_EDGE('',*,*,#3557,.F.);
#2909=ORIENTED_EDGE('',*,*,#3551,.F.);
#2910=ORIENTED_EDGE('',*,*,#3655,.T.);
#2911=ORIENTED_EDGE('',*,*,#3565,.T.);
#2912=ORIENTED_EDGE('',*,*,#3647,.F.);
#2913=ORIENTED_EDGE('',*,*,#3656,.F.);
#2914=ORIENTED_EDGE('',*,*,#3657,.F.);
#2915=ORIENTED_EDGE('',*,*,#3658,.F.);
#2916=ORIENTED_EDGE('',*,*,#3566,.F.);
#2917=ORIENTED_EDGE('',*,*,#3655,.F.);
#2918=ORIENTED_EDGE('',*,*,#3659,.F.);
#2919=ORIENTED_EDGE('',*,*,#3660,.T.);
#2920=ORIENTED_EDGE('',*,*,#3567,.F.);
#2921=ORIENTED_EDGE('',*,*,#3658,.T.);
#2922=ORIENTED_EDGE('',*,*,#3661,.F.);
#2923=ORIENTED_EDGE('',*,*,#3662,.F.);
#2924=ORIENTED_EDGE('',*,*,#3663,.F.);
#2925=ORIENTED_EDGE('',*,*,#3664,.F.);
#2926=ORIENTED_EDGE('',*,*,#3665,.F.);
#2927=ORIENTED_EDGE('',*,*,#3666,.F.);
#2928=ORIENTED_EDGE('',*,*,#3568,.F.);
#2929=ORIENTED_EDGE('',*,*,#3660,.F.);
#2930=ORIENTED_EDGE('',*,*,#3667,.T.);
#2931=ORIENTED_EDGE('',*,*,#3569,.F.);
#2932=ORIENTED_EDGE('',*,*,#3666,.T.);
#2933=ORIENTED_EDGE('',*,*,#3668,.F.);
#2934=ORIENTED_EDGE('',*,*,#3667,.F.);
#2935=ORIENTED_EDGE('',*,*,#3669,.F.);
#2936=ORIENTED_EDGE('',*,*,#3670,.F.);
#2937=ORIENTED_EDGE('',*,*,#3570,.F.);
#2938=ORIENTED_EDGE('',*,*,#3571,.F.);
#2939=ORIENTED_EDGE('',*,*,#3670,.T.);
#2940=ORIENTED_EDGE('',*,*,#3671,.F.);
#2941=ORIENTED_EDGE('',*,*,#3672,.T.);
#2942=ORIENTED_EDGE('',*,*,#3673,.F.);
#2943=ORIENTED_EDGE('',*,*,#3674,.F.);
#2944=ORIENTED_EDGE('',*,*,#3675,.F.);
#2945=ORIENTED_EDGE('',*,*,#3676,.F.);
#2946=ORIENTED_EDGE('',*,*,#3677,.F.);
#2947=ORIENTED_EDGE('',*,*,#3572,.F.);
#2948=ORIENTED_EDGE('',*,*,#3672,.F.);
#2949=ORIENTED_EDGE('',*,*,#3678,.F.);
#2950=ORIENTED_EDGE('',*,*,#3677,.T.);
#2951=ORIENTED_EDGE('',*,*,#3679,.F.);
#2952=ORIENTED_EDGE('',*,*,#3680,.T.);
#2953=ORIENTED_EDGE('',*,*,#3573,.F.);
#2954=ORIENTED_EDGE('',*,*,#3680,.F.);
#2955=ORIENTED_EDGE('',*,*,#3681,.F.);
#2956=ORIENTED_EDGE('',*,*,#3682,.F.);
#2957=ORIENTED_EDGE('',*,*,#3574,.F.);
#2958=ORIENTED_EDGE('',*,*,#3575,.F.);
#2959=ORIENTED_EDGE('',*,*,#3682,.T.);
#2960=ORIENTED_EDGE('',*,*,#3683,.F.);
#2961=ORIENTED_EDGE('',*,*,#3684,.T.);
#2962=ORIENTED_EDGE('',*,*,#3685,.F.);
#2963=ORIENTED_EDGE('',*,*,#3686,.F.);
#2964=ORIENTED_EDGE('',*,*,#3687,.F.);
#2965=ORIENTED_EDGE('',*,*,#3688,.F.);
#2966=ORIENTED_EDGE('',*,*,#3689,.F.);
#2967=ORIENTED_EDGE('',*,*,#3576,.F.);
#2968=ORIENTED_EDGE('',*,*,#3684,.F.);
#2969=ORIENTED_EDGE('',*,*,#3690,.F.);
#2970=ORIENTED_EDGE('',*,*,#3689,.T.);
#2971=ORIENTED_EDGE('',*,*,#3691,.F.);
#2972=ORIENTED_EDGE('',*,*,#3692,.T.);
#2973=ORIENTED_EDGE('',*,*,#3577,.F.);
#2974=ORIENTED_EDGE('',*,*,#3692,.F.);
#2975=ORIENTED_EDGE('',*,*,#3693,.F.);
#2976=ORIENTED_EDGE('',*,*,#3694,.F.);
#2977=ORIENTED_EDGE('',*,*,#3578,.F.);
#2978=ORIENTED_EDGE('',*,*,#3579,.F.);
#2979=ORIENTED_EDGE('',*,*,#3694,.T.);
#2980=ORIENTED_EDGE('',*,*,#3695,.F.);
#2981=ORIENTED_EDGE('',*,*,#3696,.T.);
#2982=ORIENTED_EDGE('',*,*,#3697,.F.);
#2983=ORIENTED_EDGE('',*,*,#3698,.F.);
#2984=ORIENTED_EDGE('',*,*,#3699,.F.);
#2985=ORIENTED_EDGE('',*,*,#3700,.F.);
#2986=ORIENTED_EDGE('',*,*,#3701,.F.);
#2987=ORIENTED_EDGE('',*,*,#3580,.F.);
#2988=ORIENTED_EDGE('',*,*,#3696,.F.);
#2989=ORIENTED_EDGE('',*,*,#3702,.F.);
#2990=ORIENTED_EDGE('',*,*,#3701,.T.);
#2991=ORIENTED_EDGE('',*,*,#3703,.F.);
#2992=ORIENTED_EDGE('',*,*,#3704,.T.);
#2993=ORIENTED_EDGE('',*,*,#3581,.F.);
#2994=ORIENTED_EDGE('',*,*,#3704,.F.);
#2995=ORIENTED_EDGE('',*,*,#3705,.F.);
#2996=ORIENTED_EDGE('',*,*,#3706,.F.);
#2997=ORIENTED_EDGE('',*,*,#3582,.F.);
#2998=ORIENTED_EDGE('',*,*,#3583,.F.);
#2999=ORIENTED_EDGE('',*,*,#3706,.T.);
#3000=ORIENTED_EDGE('',*,*,#3707,.F.);
#3001=ORIENTED_EDGE('',*,*,#3708,.T.);
#3002=ORIENTED_EDGE('',*,*,#3709,.F.);
#3003=ORIENTED_EDGE('',*,*,#3710,.F.);
#3004=ORIENTED_EDGE('',*,*,#3711,.F.);
#3005=ORIENTED_EDGE('',*,*,#3712,.F.);
#3006=ORIENTED_EDGE('',*,*,#3713,.F.);
#3007=ORIENTED_EDGE('',*,*,#3584,.F.);
#3008=ORIENTED_EDGE('',*,*,#3708,.F.);
#3009=ORIENTED_EDGE('',*,*,#3714,.F.);
#3010=ORIENTED_EDGE('',*,*,#3713,.T.);
#3011=ORIENTED_EDGE('',*,*,#3715,.F.);
#3012=ORIENTED_EDGE('',*,*,#3716,.T.);
#3013=ORIENTED_EDGE('',*,*,#3585,.F.);
#3014=ORIENTED_EDGE('',*,*,#3716,.F.);
#3015=ORIENTED_EDGE('',*,*,#3717,.F.);
#3016=ORIENTED_EDGE('',*,*,#3718,.F.);
#3017=ORIENTED_EDGE('',*,*,#3586,.F.);
#3018=ORIENTED_EDGE('',*,*,#3587,.F.);
#3019=ORIENTED_EDGE('',*,*,#3718,.T.);
#3020=ORIENTED_EDGE('',*,*,#3719,.F.);
#3021=ORIENTED_EDGE('',*,*,#3720,.T.);
#3022=ORIENTED_EDGE('',*,*,#3721,.F.);
#3023=ORIENTED_EDGE('',*,*,#3722,.F.);
#3024=ORIENTED_EDGE('',*,*,#3723,.F.);
#3025=ORIENTED_EDGE('',*,*,#3724,.F.);
#3026=ORIENTED_EDGE('',*,*,#3725,.F.);
#3027=ORIENTED_EDGE('',*,*,#3588,.F.);
#3028=ORIENTED_EDGE('',*,*,#3720,.F.);
#3029=ORIENTED_EDGE('',*,*,#3726,.F.);
#3030=ORIENTED_EDGE('',*,*,#3725,.T.);
#3031=ORIENTED_EDGE('',*,*,#3727,.T.);
#3032=ORIENTED_EDGE('',*,*,#3603,.T.);
#3033=ORIENTED_EDGE('',*,*,#3589,.F.);
#3034=ORIENTED_EDGE('',*,*,#3728,.F.);
#3035=ORIENTED_EDGE('',*,*,#3611,.F.);
#3036=ORIENTED_EDGE('',*,*,#3607,.F.);
#3037=ORIENTED_EDGE('',*,*,#3601,.F.);
#3038=ORIENTED_EDGE('',*,*,#3729,.F.);
#3039=ORIENTED_EDGE('',*,*,#3678,.T.);
#3040=ORIENTED_EDGE('',*,*,#3671,.T.);
#3041=ORIENTED_EDGE('',*,*,#3669,.T.);
#3042=ORIENTED_EDGE('',*,*,#3668,.T.);
#3043=ORIENTED_EDGE('',*,*,#3665,.T.);
#3044=ORIENTED_EDGE('',*,*,#3659,.T.);
#3045=ORIENTED_EDGE('',*,*,#3657,.T.);
#3046=ORIENTED_EDGE('',*,*,#3656,.T.);
#3047=ORIENTED_EDGE('',*,*,#3646,.F.);
#3048=ORIENTED_EDGE('',*,*,#3730,.F.);
#3049=ORIENTED_EDGE('',*,*,#3604,.T.);
#3050=ORIENTED_EDGE('',*,*,#3727,.F.);
#3051=ORIENTED_EDGE('',*,*,#3726,.T.);
#3052=ORIENTED_EDGE('',*,*,#3719,.T.);
#3053=ORIENTED_EDGE('',*,*,#3717,.T.);
#3054=ORIENTED_EDGE('',*,*,#3715,.T.);
#3055=ORIENTED_EDGE('',*,*,#3714,.T.);
#3056=ORIENTED_EDGE('',*,*,#3707,.T.);
#3057=ORIENTED_EDGE('',*,*,#3705,.T.);
#3058=ORIENTED_EDGE('',*,*,#3703,.T.);
#3059=ORIENTED_EDGE('',*,*,#3702,.T.);
#3060=ORIENTED_EDGE('',*,*,#3695,.T.);
#3061=ORIENTED_EDGE('',*,*,#3693,.T.);
#3062=ORIENTED_EDGE('',*,*,#3691,.T.);
#3063=ORIENTED_EDGE('',*,*,#3690,.T.);
#3064=ORIENTED_EDGE('',*,*,#3683,.T.);
#3065=ORIENTED_EDGE('',*,*,#3681,.T.);
#3066=ORIENTED_EDGE('',*,*,#3679,.T.);
#3067=ORIENTED_EDGE('',*,*,#3731,.T.);
#3068=ORIENTED_EDGE('',*,*,#3732,.T.);
#3069=ORIENTED_EDGE('',*,*,#3733,.T.);
#3070=ORIENTED_EDGE('',*,*,#3729,.T.);
#3071=ORIENTED_EDGE('',*,*,#3605,.T.);
#3072=ORIENTED_EDGE('',*,*,#3730,.T.);
#3073=ORIENTED_EDGE('',*,*,#3645,.F.);
#3074=ORIENTED_EDGE('',*,*,#3734,.T.);
#3075=ORIENTED_EDGE('',*,*,#3733,.F.);
#3076=ORIENTED_EDGE('',*,*,#3735,.F.);
#3077=ORIENTED_EDGE('',*,*,#3608,.T.);
#3078=ORIENTED_EDGE('',*,*,#3728,.T.);
#3079=ORIENTED_EDGE('',*,*,#3736,.F.);
#3080=ORIENTED_EDGE('',*,*,#3641,.T.);
#3081=ORIENTED_EDGE('',*,*,#3612,.F.);
#3082=ORIENTED_EDGE('',*,*,#3609,.F.);
#3083=ORIENTED_EDGE('',*,*,#3737,.F.);
#3084=ORIENTED_EDGE('',*,*,#3738,.F.);
#3085=ORIENTED_EDGE('',*,*,#3614,.T.);
#3086=ORIENTED_EDGE('',*,*,#3739,.T.);
#3087=ORIENTED_EDGE('',*,*,#3740,.F.);
#3088=ORIENTED_EDGE('',*,*,#3741,.F.);
#3089=ORIENTED_EDGE('',*,*,#3615,.T.);
#3090=ORIENTED_EDGE('',*,*,#3738,.T.);
#3091=ORIENTED_EDGE('',*,*,#3742,.F.);
#3092=ORIENTED_EDGE('',*,*,#3743,.F.);
#3093=ORIENTED_EDGE('',*,*,#3616,.T.);
#3094=ORIENTED_EDGE('',*,*,#3741,.T.);
#3095=ORIENTED_EDGE('',*,*,#3744,.F.);
#3096=ORIENTED_EDGE('',*,*,#3739,.F.);
#3097=ORIENTED_EDGE('',*,*,#3617,.T.);
#3098=ORIENTED_EDGE('',*,*,#3743,.T.);
#3099=ORIENTED_EDGE('',*,*,#3745,.F.);
#3100=ORIENTED_EDGE('',*,*,#3746,.F.);
#3101=ORIENTED_EDGE('',*,*,#3618,.T.);
#3102=ORIENTED_EDGE('',*,*,#3747,.T.);
#3103=ORIENTED_EDGE('',*,*,#3748,.F.);
#3104=ORIENTED_EDGE('',*,*,#3749,.F.);
#3105=ORIENTED_EDGE('',*,*,#3619,.T.);
#3106=ORIENTED_EDGE('',*,*,#3746,.T.);
#3107=ORIENTED_EDGE('',*,*,#3750,.F.);
#3108=ORIENTED_EDGE('',*,*,#3751,.F.);
#3109=ORIENTED_EDGE('',*,*,#3620,.T.);
#3110=ORIENTED_EDGE('',*,*,#3749,.T.);
#3111=ORIENTED_EDGE('',*,*,#3752,.F.);
#3112=ORIENTED_EDGE('',*,*,#3747,.F.);
#3113=ORIENTED_EDGE('',*,*,#3621,.T.);
#3114=ORIENTED_EDGE('',*,*,#3751,.T.);
#3115=ORIENTED_EDGE('',*,*,#3753,.F.);
#3116=ORIENTED_EDGE('',*,*,#3754,.F.);
#3117=ORIENTED_EDGE('',*,*,#3622,.T.);
#3118=ORIENTED_EDGE('',*,*,#3755,.T.);
#3119=ORIENTED_EDGE('',*,*,#3756,.F.);
#3120=ORIENTED_EDGE('',*,*,#3757,.F.);
#3121=ORIENTED_EDGE('',*,*,#3623,.T.);
#3122=ORIENTED_EDGE('',*,*,#3754,.T.);
#3123=ORIENTED_EDGE('',*,*,#3758,.F.);
#3124=ORIENTED_EDGE('',*,*,#3759,.F.);
#3125=ORIENTED_EDGE('',*,*,#3624,.T.);
#3126=ORIENTED_EDGE('',*,*,#3757,.T.);
#3127=ORIENTED_EDGE('',*,*,#3760,.F.);
#3128=ORIENTED_EDGE('',*,*,#3755,.F.);
#3129=ORIENTED_EDGE('',*,*,#3625,.T.);
#3130=ORIENTED_EDGE('',*,*,#3759,.T.);
#3131=ORIENTED_EDGE('',*,*,#3761,.F.);
#3132=ORIENTED_EDGE('',*,*,#3762,.F.);
#3133=ORIENTED_EDGE('',*,*,#3626,.T.);
#3134=ORIENTED_EDGE('',*,*,#3763,.T.);
#3135=ORIENTED_EDGE('',*,*,#3764,.F.);
#3136=ORIENTED_EDGE('',*,*,#3765,.F.);
#3137=ORIENTED_EDGE('',*,*,#3627,.T.);
#3138=ORIENTED_EDGE('',*,*,#3762,.T.);
#3139=ORIENTED_EDGE('',*,*,#3766,.F.);
#3140=ORIENTED_EDGE('',*,*,#3767,.F.);
#3141=ORIENTED_EDGE('',*,*,#3628,.T.);
#3142=ORIENTED_EDGE('',*,*,#3765,.T.);
#3143=ORIENTED_EDGE('',*,*,#3768,.F.);
#3144=ORIENTED_EDGE('',*,*,#3763,.F.);
#3145=ORIENTED_EDGE('',*,*,#3629,.T.);
#3146=ORIENTED_EDGE('',*,*,#3767,.T.);
#3147=ORIENTED_EDGE('',*,*,#3769,.F.);
#3148=ORIENTED_EDGE('',*,*,#3770,.F.);
#3149=ORIENTED_EDGE('',*,*,#3630,.T.);
#3150=ORIENTED_EDGE('',*,*,#3771,.T.);
#3151=ORIENTED_EDGE('',*,*,#3772,.F.);
#3152=ORIENTED_EDGE('',*,*,#3773,.F.);
#3153=ORIENTED_EDGE('',*,*,#3631,.T.);
#3154=ORIENTED_EDGE('',*,*,#3770,.T.);
#3155=ORIENTED_EDGE('',*,*,#3774,.F.);
#3156=ORIENTED_EDGE('',*,*,#3775,.F.);
#3157=ORIENTED_EDGE('',*,*,#3632,.T.);
#3158=ORIENTED_EDGE('',*,*,#3773,.T.);
#3159=ORIENTED_EDGE('',*,*,#3776,.F.);
#3160=ORIENTED_EDGE('',*,*,#3771,.F.);
#3161=ORIENTED_EDGE('',*,*,#3633,.T.);
#3162=ORIENTED_EDGE('',*,*,#3775,.T.);
#3163=ORIENTED_EDGE('',*,*,#3777,.F.);
#3164=ORIENTED_EDGE('',*,*,#3778,.F.);
#3165=ORIENTED_EDGE('',*,*,#3634,.T.);
#3166=ORIENTED_EDGE('',*,*,#3779,.T.);
#3167=ORIENTED_EDGE('',*,*,#3780,.F.);
#3168=ORIENTED_EDGE('',*,*,#3781,.F.);
#3169=ORIENTED_EDGE('',*,*,#3635,.T.);
#3170=ORIENTED_EDGE('',*,*,#3778,.T.);
#3171=ORIENTED_EDGE('',*,*,#3782,.F.);
#3172=ORIENTED_EDGE('',*,*,#3783,.F.);
#3173=ORIENTED_EDGE('',*,*,#3636,.T.);
#3174=ORIENTED_EDGE('',*,*,#3781,.T.);
#3175=ORIENTED_EDGE('',*,*,#3784,.F.);
#3176=ORIENTED_EDGE('',*,*,#3779,.F.);
#3177=ORIENTED_EDGE('',*,*,#3637,.T.);
#3178=ORIENTED_EDGE('',*,*,#3783,.T.);
#3179=ORIENTED_EDGE('',*,*,#3731,.F.);
#3180=ORIENTED_EDGE('',*,*,#3785,.T.);
#3181=ORIENTED_EDGE('',*,*,#3638,.T.);
#3182=ORIENTED_EDGE('',*,*,#3786,.T.);
#3183=ORIENTED_EDGE('',*,*,#3785,.F.);
#3184=ORIENTED_EDGE('',*,*,#3734,.F.);
#3185=ORIENTED_EDGE('',*,*,#3644,.F.);
#3186=ORIENTED_EDGE('',*,*,#3642,.F.);
#3187=ORIENTED_EDGE('',*,*,#3639,.F.);
#3188=ORIENTED_EDGE('',*,*,#3787,.T.);
#3189=ORIENTED_EDGE('',*,*,#3788,.T.);
#3190=ORIENTED_EDGE('',*,*,#3661,.T.);
#3191=ORIENTED_EDGE('',*,*,#3789,.F.);
#3192=ORIENTED_EDGE('',*,*,#3790,.T.);
#3193=ORIENTED_EDGE('',*,*,#3791,.T.);
#3194=ORIENTED_EDGE('',*,*,#3662,.T.);
#3195=ORIENTED_EDGE('',*,*,#3788,.F.);
#3196=ORIENTED_EDGE('',*,*,#3792,.T.);
#3197=ORIENTED_EDGE('',*,*,#3793,.T.);
#3198=ORIENTED_EDGE('',*,*,#3663,.T.);
#3199=ORIENTED_EDGE('',*,*,#3791,.F.);
#3200=ORIENTED_EDGE('',*,*,#3794,.T.);
#3201=ORIENTED_EDGE('',*,*,#3789,.T.);
#3202=ORIENTED_EDGE('',*,*,#3664,.T.);
#3203=ORIENTED_EDGE('',*,*,#3793,.F.);
#3204=ORIENTED_EDGE('',*,*,#3795,.T.);
#3205=ORIENTED_EDGE('',*,*,#3796,.T.);
#3206=ORIENTED_EDGE('',*,*,#3673,.T.);
#3207=ORIENTED_EDGE('',*,*,#3797,.F.);
#3208=ORIENTED_EDGE('',*,*,#3798,.T.);
#3209=ORIENTED_EDGE('',*,*,#3799,.T.);
#3210=ORIENTED_EDGE('',*,*,#3674,.T.);
#3211=ORIENTED_EDGE('',*,*,#3796,.F.);
#3212=ORIENTED_EDGE('',*,*,#3800,.T.);
#3213=ORIENTED_EDGE('',*,*,#3801,.T.);
#3214=ORIENTED_EDGE('',*,*,#3675,.T.);
#3215=ORIENTED_EDGE('',*,*,#3799,.F.);
#3216=ORIENTED_EDGE('',*,*,#3802,.T.);
#3217=ORIENTED_EDGE('',*,*,#3797,.T.);
#3218=ORIENTED_EDGE('',*,*,#3676,.T.);
#3219=ORIENTED_EDGE('',*,*,#3801,.F.);
#3220=ORIENTED_EDGE('',*,*,#3803,.T.);
#3221=ORIENTED_EDGE('',*,*,#3804,.T.);
#3222=ORIENTED_EDGE('',*,*,#3685,.T.);
#3223=ORIENTED_EDGE('',*,*,#3805,.F.);
#3224=ORIENTED_EDGE('',*,*,#3806,.T.);
#3225=ORIENTED_EDGE('',*,*,#3807,.T.);
#3226=ORIENTED_EDGE('',*,*,#3686,.T.);
#3227=ORIENTED_EDGE('',*,*,#3804,.F.);
#3228=ORIENTED_EDGE('',*,*,#3808,.T.);
#3229=ORIENTED_EDGE('',*,*,#3809,.T.);
#3230=ORIENTED_EDGE('',*,*,#3687,.T.);
#3231=ORIENTED_EDGE('',*,*,#3807,.F.);
#3232=ORIENTED_EDGE('',*,*,#3810,.T.);
#3233=ORIENTED_EDGE('',*,*,#3805,.T.);
#3234=ORIENTED_EDGE('',*,*,#3688,.T.);
#3235=ORIENTED_EDGE('',*,*,#3809,.F.);
#3236=ORIENTED_EDGE('',*,*,#3811,.T.);
#3237=ORIENTED_EDGE('',*,*,#3812,.T.);
#3238=ORIENTED_EDGE('',*,*,#3697,.T.);
#3239=ORIENTED_EDGE('',*,*,#3813,.F.);
#3240=ORIENTED_EDGE('',*,*,#3814,.T.);
#3241=ORIENTED_EDGE('',*,*,#3815,.T.);
#3242=ORIENTED_EDGE('',*,*,#3698,.T.);
#3243=ORIENTED_EDGE('',*,*,#3812,.F.);
#3244=ORIENTED_EDGE('',*,*,#3816,.T.);
#3245=ORIENTED_EDGE('',*,*,#3817,.T.);
#3246=ORIENTED_EDGE('',*,*,#3699,.T.);
#3247=ORIENTED_EDGE('',*,*,#3815,.F.);
#3248=ORIENTED_EDGE('',*,*,#3818,.T.);
#3249=ORIENTED_EDGE('',*,*,#3813,.T.);
#3250=ORIENTED_EDGE('',*,*,#3700,.T.);
#3251=ORIENTED_EDGE('',*,*,#3817,.F.);
#3252=ORIENTED_EDGE('',*,*,#3819,.T.);
#3253=ORIENTED_EDGE('',*,*,#3820,.T.);
#3254=ORIENTED_EDGE('',*,*,#3709,.T.);
#3255=ORIENTED_EDGE('',*,*,#3821,.F.);
#3256=ORIENTED_EDGE('',*,*,#3822,.T.);
#3257=ORIENTED_EDGE('',*,*,#3823,.T.);
#3258=ORIENTED_EDGE('',*,*,#3710,.T.);
#3259=ORIENTED_EDGE('',*,*,#3820,.F.);
#3260=ORIENTED_EDGE('',*,*,#3824,.T.);
#3261=ORIENTED_EDGE('',*,*,#3825,.T.);
#3262=ORIENTED_EDGE('',*,*,#3711,.T.);
#3263=ORIENTED_EDGE('',*,*,#3823,.F.);
#3264=ORIENTED_EDGE('',*,*,#3826,.T.);
#3265=ORIENTED_EDGE('',*,*,#3821,.T.);
#3266=ORIENTED_EDGE('',*,*,#3712,.T.);
#3267=ORIENTED_EDGE('',*,*,#3825,.F.);
#3268=ORIENTED_EDGE('',*,*,#3827,.T.);
#3269=ORIENTED_EDGE('',*,*,#3828,.T.);
#3270=ORIENTED_EDGE('',*,*,#3721,.T.);
#3271=ORIENTED_EDGE('',*,*,#3829,.F.);
#3272=ORIENTED_EDGE('',*,*,#3830,.T.);
#3273=ORIENTED_EDGE('',*,*,#3831,.T.);
#3274=ORIENTED_EDGE('',*,*,#3722,.T.);
#3275=ORIENTED_EDGE('',*,*,#3828,.F.);
#3276=ORIENTED_EDGE('',*,*,#3832,.T.);
#3277=ORIENTED_EDGE('',*,*,#3833,.T.);
#3278=ORIENTED_EDGE('',*,*,#3723,.T.);
#3279=ORIENTED_EDGE('',*,*,#3831,.F.);
#3280=ORIENTED_EDGE('',*,*,#3834,.T.);
#3281=ORIENTED_EDGE('',*,*,#3829,.T.);
#3282=ORIENTED_EDGE('',*,*,#3724,.T.);
#3283=ORIENTED_EDGE('',*,*,#3833,.F.);
#3284=ORIENTED_EDGE('',*,*,#3732,.F.);
#3285=ORIENTED_EDGE('',*,*,#3786,.F.);
#3286=ORIENTED_EDGE('',*,*,#3736,.T.);
#3287=ORIENTED_EDGE('',*,*,#3735,.T.);
#3288=ORIENTED_EDGE('',*,*,#3737,.T.);
#3289=ORIENTED_EDGE('',*,*,#3835,.T.);
#3290=ORIENTED_EDGE('',*,*,#3836,.F.);
#3291=ORIENTED_EDGE('',*,*,#3837,.F.);
#3292=ORIENTED_EDGE('',*,*,#3740,.T.);
#3293=ORIENTED_EDGE('',*,*,#3837,.T.);
#3294=ORIENTED_EDGE('',*,*,#3838,.F.);
#3295=ORIENTED_EDGE('',*,*,#3839,.F.);
#3296=ORIENTED_EDGE('',*,*,#3742,.T.);
#3297=ORIENTED_EDGE('',*,*,#3839,.T.);
#3298=ORIENTED_EDGE('',*,*,#3840,.F.);
#3299=ORIENTED_EDGE('',*,*,#3841,.F.);
#3300=ORIENTED_EDGE('',*,*,#3744,.T.);
#3301=ORIENTED_EDGE('',*,*,#3841,.T.);
#3302=ORIENTED_EDGE('',*,*,#3842,.F.);
#3303=ORIENTED_EDGE('',*,*,#3835,.F.);
#3304=ORIENTED_EDGE('',*,*,#3745,.T.);
#3305=ORIENTED_EDGE('',*,*,#3843,.T.);
#3306=ORIENTED_EDGE('',*,*,#3844,.F.);
#3307=ORIENTED_EDGE('',*,*,#3845,.F.);
#3308=ORIENTED_EDGE('',*,*,#3748,.T.);
#3309=ORIENTED_EDGE('',*,*,#3845,.T.);
#3310=ORIENTED_EDGE('',*,*,#3846,.F.);
#3311=ORIENTED_EDGE('',*,*,#3847,.F.);
#3312=ORIENTED_EDGE('',*,*,#3750,.T.);
#3313=ORIENTED_EDGE('',*,*,#3847,.T.);
#3314=ORIENTED_EDGE('',*,*,#3848,.F.);
#3315=ORIENTED_EDGE('',*,*,#3849,.F.);
#3316=ORIENTED_EDGE('',*,*,#3752,.T.);
#3317=ORIENTED_EDGE('',*,*,#3849,.T.);
#3318=ORIENTED_EDGE('',*,*,#3850,.F.);
#3319=ORIENTED_EDGE('',*,*,#3843,.F.);
#3320=ORIENTED_EDGE('',*,*,#3753,.T.);
#3321=ORIENTED_EDGE('',*,*,#3851,.T.);
#3322=ORIENTED_EDGE('',*,*,#3852,.F.);
#3323=ORIENTED_EDGE('',*,*,#3853,.F.);
#3324=ORIENTED_EDGE('',*,*,#3756,.T.);
#3325=ORIENTED_EDGE('',*,*,#3853,.T.);
#3326=ORIENTED_EDGE('',*,*,#3854,.F.);
#3327=ORIENTED_EDGE('',*,*,#3855,.F.);
#3328=ORIENTED_EDGE('',*,*,#3758,.T.);
#3329=ORIENTED_EDGE('',*,*,#3855,.T.);
#3330=ORIENTED_EDGE('',*,*,#3856,.F.);
#3331=ORIENTED_EDGE('',*,*,#3857,.F.);
#3332=ORIENTED_EDGE('',*,*,#3760,.T.);
#3333=ORIENTED_EDGE('',*,*,#3857,.T.);
#3334=ORIENTED_EDGE('',*,*,#3858,.F.);
#3335=ORIENTED_EDGE('',*,*,#3851,.F.);
#3336=ORIENTED_EDGE('',*,*,#3761,.T.);
#3337=ORIENTED_EDGE('',*,*,#3859,.T.);
#3338=ORIENTED_EDGE('',*,*,#3860,.F.);
#3339=ORIENTED_EDGE('',*,*,#3861,.F.);
#3340=ORIENTED_EDGE('',*,*,#3764,.T.);
#3341=ORIENTED_EDGE('',*,*,#3861,.T.);
#3342=ORIENTED_EDGE('',*,*,#3862,.F.);
#3343=ORIENTED_EDGE('',*,*,#3863,.F.);
#3344=ORIENTED_EDGE('',*,*,#3766,.T.);
#3345=ORIENTED_EDGE('',*,*,#3863,.T.);
#3346=ORIENTED_EDGE('',*,*,#3864,.F.);
#3347=ORIENTED_EDGE('',*,*,#3865,.F.);
#3348=ORIENTED_EDGE('',*,*,#3768,.T.);
#3349=ORIENTED_EDGE('',*,*,#3865,.T.);
#3350=ORIENTED_EDGE('',*,*,#3866,.F.);
#3351=ORIENTED_EDGE('',*,*,#3859,.F.);
#3352=ORIENTED_EDGE('',*,*,#3769,.T.);
#3353=ORIENTED_EDGE('',*,*,#3867,.T.);
#3354=ORIENTED_EDGE('',*,*,#3868,.F.);
#3355=ORIENTED_EDGE('',*,*,#3869,.F.);
#3356=ORIENTED_EDGE('',*,*,#3772,.T.);
#3357=ORIENTED_EDGE('',*,*,#3869,.T.);
#3358=ORIENTED_EDGE('',*,*,#3870,.F.);
#3359=ORIENTED_EDGE('',*,*,#3871,.F.);
#3360=ORIENTED_EDGE('',*,*,#3774,.T.);
#3361=ORIENTED_EDGE('',*,*,#3871,.T.);
#3362=ORIENTED_EDGE('',*,*,#3872,.F.);
#3363=ORIENTED_EDGE('',*,*,#3873,.F.);
#3364=ORIENTED_EDGE('',*,*,#3776,.T.);
#3365=ORIENTED_EDGE('',*,*,#3873,.T.);
#3366=ORIENTED_EDGE('',*,*,#3874,.F.);
#3367=ORIENTED_EDGE('',*,*,#3867,.F.);
#3368=ORIENTED_EDGE('',*,*,#3777,.T.);
#3369=ORIENTED_EDGE('',*,*,#3875,.T.);
#3370=ORIENTED_EDGE('',*,*,#3876,.F.);
#3371=ORIENTED_EDGE('',*,*,#3877,.F.);
#3372=ORIENTED_EDGE('',*,*,#3780,.T.);
#3373=ORIENTED_EDGE('',*,*,#3877,.T.);
#3374=ORIENTED_EDGE('',*,*,#3878,.F.);
#3375=ORIENTED_EDGE('',*,*,#3879,.F.);
#3376=ORIENTED_EDGE('',*,*,#3782,.T.);
#3377=ORIENTED_EDGE('',*,*,#3879,.T.);
#3378=ORIENTED_EDGE('',*,*,#3880,.F.);
#3379=ORIENTED_EDGE('',*,*,#3881,.F.);
#3380=ORIENTED_EDGE('',*,*,#3784,.T.);
#3381=ORIENTED_EDGE('',*,*,#3881,.T.);
#3382=ORIENTED_EDGE('',*,*,#3882,.F.);
#3383=ORIENTED_EDGE('',*,*,#3875,.F.);
#3384=ORIENTED_EDGE('',*,*,#3787,.F.);
#3385=ORIENTED_EDGE('',*,*,#3883,.F.);
#3386=ORIENTED_EDGE('',*,*,#3884,.T.);
#3387=ORIENTED_EDGE('',*,*,#3885,.T.);
#3388=ORIENTED_EDGE('',*,*,#3790,.F.);
#3389=ORIENTED_EDGE('',*,*,#3885,.F.);
#3390=ORIENTED_EDGE('',*,*,#3886,.T.);
#3391=ORIENTED_EDGE('',*,*,#3887,.T.);
#3392=ORIENTED_EDGE('',*,*,#3792,.F.);
#3393=ORIENTED_EDGE('',*,*,#3887,.F.);
#3394=ORIENTED_EDGE('',*,*,#3888,.T.);
#3395=ORIENTED_EDGE('',*,*,#3889,.T.);
#3396=ORIENTED_EDGE('',*,*,#3794,.F.);
#3397=ORIENTED_EDGE('',*,*,#3889,.F.);
#3398=ORIENTED_EDGE('',*,*,#3890,.T.);
#3399=ORIENTED_EDGE('',*,*,#3883,.T.);
#3400=ORIENTED_EDGE('',*,*,#3795,.F.);
#3401=ORIENTED_EDGE('',*,*,#3891,.F.);
#3402=ORIENTED_EDGE('',*,*,#3892,.T.);
#3403=ORIENTED_EDGE('',*,*,#3893,.T.);
#3404=ORIENTED_EDGE('',*,*,#3798,.F.);
#3405=ORIENTED_EDGE('',*,*,#3893,.F.);
#3406=ORIENTED_EDGE('',*,*,#3894,.T.);
#3407=ORIENTED_EDGE('',*,*,#3895,.T.);
#3408=ORIENTED_EDGE('',*,*,#3800,.F.);
#3409=ORIENTED_EDGE('',*,*,#3895,.F.);
#3410=ORIENTED_EDGE('',*,*,#3896,.T.);
#3411=ORIENTED_EDGE('',*,*,#3897,.T.);
#3412=ORIENTED_EDGE('',*,*,#3802,.F.);
#3413=ORIENTED_EDGE('',*,*,#3897,.F.);
#3414=ORIENTED_EDGE('',*,*,#3898,.T.);
#3415=ORIENTED_EDGE('',*,*,#3891,.T.);
#3416=ORIENTED_EDGE('',*,*,#3803,.F.);
#3417=ORIENTED_EDGE('',*,*,#3899,.F.);
#3418=ORIENTED_EDGE('',*,*,#3900,.T.);
#3419=ORIENTED_EDGE('',*,*,#3901,.T.);
#3420=ORIENTED_EDGE('',*,*,#3806,.F.);
#3421=ORIENTED_EDGE('',*,*,#3901,.F.);
#3422=ORIENTED_EDGE('',*,*,#3902,.T.);
#3423=ORIENTED_EDGE('',*,*,#3903,.T.);
#3424=ORIENTED_EDGE('',*,*,#3808,.F.);
#3425=ORIENTED_EDGE('',*,*,#3903,.F.);
#3426=ORIENTED_EDGE('',*,*,#3904,.T.);
#3427=ORIENTED_EDGE('',*,*,#3905,.T.);
#3428=ORIENTED_EDGE('',*,*,#3810,.F.);
#3429=ORIENTED_EDGE('',*,*,#3905,.F.);
#3430=ORIENTED_EDGE('',*,*,#3906,.T.);
#3431=ORIENTED_EDGE('',*,*,#3899,.T.);
#3432=ORIENTED_EDGE('',*,*,#3811,.F.);
#3433=ORIENTED_EDGE('',*,*,#3907,.F.);
#3434=ORIENTED_EDGE('',*,*,#3908,.T.);
#3435=ORIENTED_EDGE('',*,*,#3909,.T.);
#3436=ORIENTED_EDGE('',*,*,#3814,.F.);
#3437=ORIENTED_EDGE('',*,*,#3909,.F.);
#3438=ORIENTED_EDGE('',*,*,#3910,.T.);
#3439=ORIENTED_EDGE('',*,*,#3911,.T.);
#3440=ORIENTED_EDGE('',*,*,#3816,.F.);
#3441=ORIENTED_EDGE('',*,*,#3911,.F.);
#3442=ORIENTED_EDGE('',*,*,#3912,.T.);
#3443=ORIENTED_EDGE('',*,*,#3913,.T.);
#3444=ORIENTED_EDGE('',*,*,#3818,.F.);
#3445=ORIENTED_EDGE('',*,*,#3913,.F.);
#3446=ORIENTED_EDGE('',*,*,#3914,.T.);
#3447=ORIENTED_EDGE('',*,*,#3907,.T.);
#3448=ORIENTED_EDGE('',*,*,#3819,.F.);
#3449=ORIENTED_EDGE('',*,*,#3915,.F.);
#3450=ORIENTED_EDGE('',*,*,#3916,.T.);
#3451=ORIENTED_EDGE('',*,*,#3917,.T.);
#3452=ORIENTED_EDGE('',*,*,#3822,.F.);
#3453=ORIENTED_EDGE('',*,*,#3917,.F.);
#3454=ORIENTED_EDGE('',*,*,#3918,.T.);
#3455=ORIENTED_EDGE('',*,*,#3919,.T.);
#3456=ORIENTED_EDGE('',*,*,#3824,.F.);
#3457=ORIENTED_EDGE('',*,*,#3919,.F.);
#3458=ORIENTED_EDGE('',*,*,#3920,.T.);
#3459=ORIENTED_EDGE('',*,*,#3921,.T.);
#3460=ORIENTED_EDGE('',*,*,#3826,.F.);
#3461=ORIENTED_EDGE('',*,*,#3921,.F.);
#3462=ORIENTED_EDGE('',*,*,#3922,.T.);
#3463=ORIENTED_EDGE('',*,*,#3915,.T.);
#3464=ORIENTED_EDGE('',*,*,#3827,.F.);
#3465=ORIENTED_EDGE('',*,*,#3923,.F.);
#3466=ORIENTED_EDGE('',*,*,#3924,.T.);
#3467=ORIENTED_EDGE('',*,*,#3925,.T.);
#3468=ORIENTED_EDGE('',*,*,#3830,.F.);
#3469=ORIENTED_EDGE('',*,*,#3925,.F.);
#3470=ORIENTED_EDGE('',*,*,#3926,.T.);
#3471=ORIENTED_EDGE('',*,*,#3927,.T.);
#3472=ORIENTED_EDGE('',*,*,#3832,.F.);
#3473=ORIENTED_EDGE('',*,*,#3927,.F.);
#3474=ORIENTED_EDGE('',*,*,#3928,.T.);
#3475=ORIENTED_EDGE('',*,*,#3929,.T.);
#3476=ORIENTED_EDGE('',*,*,#3834,.F.);
#3477=ORIENTED_EDGE('',*,*,#3929,.F.);
#3478=ORIENTED_EDGE('',*,*,#3930,.T.);
#3479=ORIENTED_EDGE('',*,*,#3923,.T.);
#3480=ORIENTED_EDGE('',*,*,#3842,.T.);
#3481=ORIENTED_EDGE('',*,*,#3840,.T.);
#3482=ORIENTED_EDGE('',*,*,#3838,.T.);
#3483=ORIENTED_EDGE('',*,*,#3836,.T.);
#3484=ORIENTED_EDGE('',*,*,#3850,.T.);
#3485=ORIENTED_EDGE('',*,*,#3848,.T.);
#3486=ORIENTED_EDGE('',*,*,#3846,.T.);
#3487=ORIENTED_EDGE('',*,*,#3844,.T.);
#3488=ORIENTED_EDGE('',*,*,#3858,.T.);
#3489=ORIENTED_EDGE('',*,*,#3856,.T.);
#3490=ORIENTED_EDGE('',*,*,#3854,.T.);
#3491=ORIENTED_EDGE('',*,*,#3852,.T.);
#3492=ORIENTED_EDGE('',*,*,#3866,.T.);
#3493=ORIENTED_EDGE('',*,*,#3864,.T.);
#3494=ORIENTED_EDGE('',*,*,#3862,.T.);
#3495=ORIENTED_EDGE('',*,*,#3860,.T.);
#3496=ORIENTED_EDGE('',*,*,#3874,.T.);
#3497=ORIENTED_EDGE('',*,*,#3872,.T.);
#3498=ORIENTED_EDGE('',*,*,#3870,.T.);
#3499=ORIENTED_EDGE('',*,*,#3868,.T.);
#3500=ORIENTED_EDGE('',*,*,#3882,.T.);
#3501=ORIENTED_EDGE('',*,*,#3880,.T.);
#3502=ORIENTED_EDGE('',*,*,#3878,.T.);
#3503=ORIENTED_EDGE('',*,*,#3876,.T.);
#3504=ORIENTED_EDGE('',*,*,#3886,.F.);
#3505=ORIENTED_EDGE('',*,*,#3884,.F.);
#3506=ORIENTED_EDGE('',*,*,#3890,.F.);
#3507=ORIENTED_EDGE('',*,*,#3888,.F.);
#3508=ORIENTED_EDGE('',*,*,#3894,.F.);
#3509=ORIENTED_EDGE('',*,*,#3892,.F.);
#3510=ORIENTED_EDGE('',*,*,#3898,.F.);
#3511=ORIENTED_EDGE('',*,*,#3896,.F.);
#3512=ORIENTED_EDGE('',*,*,#3902,.F.);
#3513=ORIENTED_EDGE('',*,*,#3900,.F.);
#3514=ORIENTED_EDGE('',*,*,#3906,.F.);
#3515=ORIENTED_EDGE('',*,*,#3904,.F.);
#3516=ORIENTED_EDGE('',*,*,#3910,.F.);
#3517=ORIENTED_EDGE('',*,*,#3908,.F.);
#3518=ORIENTED_EDGE('',*,*,#3914,.F.);
#3519=ORIENTED_EDGE('',*,*,#3912,.F.);
#3520=ORIENTED_EDGE('',*,*,#3918,.F.);
#3521=ORIENTED_EDGE('',*,*,#3916,.F.);
#3522=ORIENTED_EDGE('',*,*,#3922,.F.);
#3523=ORIENTED_EDGE('',*,*,#3920,.F.);
#3524=ORIENTED_EDGE('',*,*,#3926,.F.);
#3525=ORIENTED_EDGE('',*,*,#3924,.F.);
#3526=ORIENTED_EDGE('',*,*,#3930,.F.);
#3527=ORIENTED_EDGE('',*,*,#3928,.F.);
#3528=EDGE_CURVE('',#3931,#3932,#3933,.T.);
#3529=EDGE_CURVE('',#3932,#3934,#3935,.T.);
#3530=EDGE_CURVE('',#3934,#3936,#3937,.T.);
#3531=EDGE_CURVE('',#3936,#3938,#3939,.T.);
#3532=EDGE_CURVE('',#3938,#3940,#3941,.T.);
#3533=EDGE_CURVE('',#3940,#3942,#3943,.T.);
#3534=EDGE_CURVE('',#3944,#3942,#3945,.F.);
#3535=EDGE_CURVE('',#3946,#3944,#3947,.T.);
#3536=EDGE_CURVE('',#3946,#3948,#3949,.T.);
#3537=EDGE_CURVE('',#3950,#3948,#3951,.T.);
#3538=EDGE_CURVE('',#3952,#3950,#3953,.T.);
#3539=EDGE_CURVE('',#3952,#3954,#3955,.T.);
#3540=EDGE_CURVE('',#3954,#3956,#3957,.T.);
#3541=EDGE_CURVE('',#3958,#3956,#3959,.F.);
#3542=EDGE_CURVE('',#3960,#3958,#3961,.F.);
#3543=EDGE_CURVE('',#3960,#3962,#3963,.T.);
#3544=EDGE_CURVE('',#3962,#3964,#3965,.T.);
#3545=EDGE_CURVE('',#3964,#3966,#3967,.T.);
#3546=EDGE_CURVE('',#3966,#3968,#3969,.T.);
#3547=EDGE_CURVE('',#3968,#3970,#3971,.T.);
#3548=EDGE_CURVE('',#3970,#3972,#3973,.T.);
#3549=EDGE_CURVE('',#3931,#3972,#3974,.F.);
#3550=EDGE_CURVE('',#3975,#3931,#3976,.F.);
#3551=EDGE_CURVE('',#3972,#3977,#3978,.F.);
#3552=EDGE_CURVE('',#3977,#3975,#3979,.T.);
#3553=EDGE_CURVE('',#3942,#3980,#3981,.F.);
#3554=EDGE_CURVE('',#3980,#3982,#3983,.T.);
#3555=EDGE_CURVE('',#3982,#3944,#3984,.T.);
#3556=EDGE_CURVE('',#3985,#3975,#3986,.F.);
#3557=EDGE_CURVE('',#3977,#3987,#3988,.F.);
#3558=EDGE_CURVE('',#3987,#3989,#3990,.F.);
#3559=EDGE_CURVE('',#3989,#3991,#3992,.F.);
#3560=EDGE_CURVE('',#3991,#3993,#3994,.F.);
#3561=EDGE_CURVE('',#3993,#3995,#3996,.F.);
#3562=EDGE_CURVE('',#3995,#3997,#3998,.F.);
#3563=EDGE_CURVE('',#3999,#3997,#4000,.T.);
#3564=EDGE_CURVE('',#4001,#3999,#4002,.T.);
#3565=EDGE_CURVE('',#4003,#4001,#4004,.T.);
#3566=EDGE_CURVE('',#4003,#4005,#4006,.F.);
#3567=EDGE_CURVE('',#4005,#4007,#4008,.T.);
#3568=EDGE_CURVE('',#4007,#4009,#4010,.F.);
#3569=EDGE_CURVE('',#4009,#4011,#4012,.T.);
#3570=EDGE_CURVE('',#4011,#4013,#4014,.F.);
#3571=EDGE_CURVE('',#4013,#4015,#4016,.T.);
#3572=EDGE_CURVE('',#4015,#4017,#4018,.F.);
#3573=EDGE_CURVE('',#4017,#4019,#4020,.T.);
#3574=EDGE_CURVE('',#4019,#4021,#4022,.F.);
#3575=EDGE_CURVE('',#4021,#4023,#4024,.T.);
#3576=EDGE_CURVE('',#4023,#4025,#4026,.F.);
#3577=EDGE_CURVE('',#4025,#4027,#4028,.T.);
#3578=EDGE_CURVE('',#4027,#4029,#4030,.F.);
#3579=EDGE_CURVE('',#4029,#4031,#4032,.T.);
#3580=EDGE_CURVE('',#4031,#4033,#4034,.F.);
#3581=EDGE_CURVE('',#4033,#4035,#4036,.T.);
#3582=EDGE_CURVE('',#4035,#4037,#4038,.F.);
#3583=EDGE_CURVE('',#4037,#4039,#4040,.T.);
#3584=EDGE_CURVE('',#4039,#4041,#4042,.F.);
#3585=EDGE_CURVE('',#4041,#4043,#4044,.T.);
#3586=EDGE_CURVE('',#4043,#4045,#4046,.F.);
#3587=EDGE_CURVE('',#4045,#4047,#4048,.T.);
#3588=EDGE_CURVE('',#4047,#4049,#4050,.F.);
#3589=EDGE_CURVE('',#4049,#4051,#4052,.T.);
#3590=EDGE_CURVE('',#4051,#3982,#4053,.T.);
#3591=EDGE_CURVE('',#3980,#4054,#4055,.F.);
#3592=EDGE_CURVE('',#4054,#4056,#4057,.F.);
#3593=EDGE_CURVE('',#4056,#4058,#4059,.F.);
#3594=EDGE_CURVE('',#4058,#4060,#4061,.F.);
#3595=EDGE_CURVE('',#4060,#3985,#4062,.F.);
#3596=EDGE_CURVE('',#3940,#4054,#4063,.T.);
#3597=EDGE_CURVE('',#3938,#4056,#4064,.T.);
#3598=EDGE_CURVE('',#3936,#4058,#4065,.T.);
#3599=EDGE_CURVE('',#3934,#4060,#4066,.T.);
#3600=EDGE_CURVE('',#3932,#3985,#4067,.T.);
#3601=EDGE_CURVE('',#4068,#4069,#4070,.T.);
#3602=EDGE_CURVE('',#4069,#3946,#4071,.T.);
#3603=EDGE_CURVE('',#4072,#4051,#4073,.T.);
#3604=EDGE_CURVE('',#4074,#4072,#4075,.T.);
#3605=EDGE_CURVE('',#4068,#4074,#4076,.T.);
#3606=EDGE_CURVE('',#3948,#4077,#4078,.F.);
#3607=EDGE_CURVE('',#4069,#4077,#4079,.T.);
#3608=EDGE_CURVE('',#4080,#4081,#4082,.T.);
#3609=EDGE_CURVE('',#4080,#4083,#4084,.T.);
#3610=EDGE_CURVE('',#4083,#3950,#4085,.T.);
#3611=EDGE_CURVE('',#4077,#4081,#4086,.F.);
#3612=EDGE_CURVE('',#4083,#4087,#4088,.T.);
#3613=EDGE_CURVE('',#4087,#3952,#4089,.T.);
#3614=EDGE_CURVE('',#4090,#4091,#4092,.T.);
#3615=EDGE_CURVE('',#4093,#4090,#4094,.T.);
#3616=EDGE_CURVE('',#4095,#4093,#4096,.T.);
#3617=EDGE_CURVE('',#4091,#4095,#4097,.T.);
#3618=EDGE_CURVE('',#4098,#4099,#4100,.T.);
#3619=EDGE_CURVE('',#4101,#4098,#4102,.T.);
#3620=EDGE_CURVE('',#4103,#4101,#4104,.T.);
#3621=EDGE_CURVE('',#4099,#4103,#4105,.T.);
#3622=EDGE_CURVE('',#4106,#4107,#4108,.T.);
#3623=EDGE_CURVE('',#4109,#4106,#4110,.T.);
#3624=EDGE_CURVE('',#4111,#4109,#4112,.T.);
#3625=EDGE_CURVE('',#4107,#4111,#4113,.T.);
#3626=EDGE_CURVE('',#4114,#4115,#4116,.T.);
#3627=EDGE_CURVE('',#4117,#4114,#4118,.T.);
#3628=EDGE_CURVE('',#4119,#4117,#4120,.T.);
#3629=EDGE_CURVE('',#4115,#4119,#4121,.T.);
#3630=EDGE_CURVE('',#4122,#4123,#4124,.T.);
#3631=EDGE_CURVE('',#4125,#4122,#4126,.T.);
#3632=EDGE_CURVE('',#4127,#4125,#4128,.T.);
#3633=EDGE_CURVE('',#4123,#4127,#4129,.T.);
#3634=EDGE_CURVE('',#4130,#4131,#4132,.T.);
#3635=EDGE_CURVE('',#4133,#4130,#4134,.T.);
#3636=EDGE_CURVE('',#4135,#4133,#4136,.T.);
#3637=EDGE_CURVE('',#4131,#4135,#4137,.T.);
#3638=EDGE_CURVE('',#4138,#4139,#4140,.F.);
#3639=EDGE_CURVE('',#4138,#4141,#4142,.T.);
#3640=EDGE_CURVE('',#4141,#3954,#4143,.T.);
#3641=EDGE_CURVE('',#4139,#4087,#4144,.T.);
#3642=EDGE_CURVE('',#4141,#4145,#4146,.T.);
#3643=EDGE_CURVE('',#3956,#4145,#4147,.F.);
#3644=EDGE_CURVE('',#4145,#4148,#4149,.F.);
#3645=EDGE_CURVE('',#4148,#4150,#4151,.T.);
#3646=EDGE_CURVE('',#4150,#4152,#4153,.T.);
#3647=EDGE_CURVE('',#4152,#4001,#4154,.T.);
#3648=EDGE_CURVE('',#3999,#3958,#4155,.T.);
#3649=EDGE_CURVE('',#3997,#3960,#4156,.F.);
#3650=EDGE_CURVE('',#3962,#3995,#4157,.T.);
#3651=EDGE_CURVE('',#3964,#3993,#4158,.T.);
#3652=EDGE_CURVE('',#3966,#3991,#4159,.T.);
#3653=EDGE_CURVE('',#3968,#3989,#4160,.T.);
#3654=EDGE_CURVE('',#3970,#3987,#4161,.T.);
#3655=EDGE_CURVE('',#4162,#4003,#4163,.T.);
#3656=EDGE_CURVE('',#4162,#4152,#4164,.T.);
#3657=EDGE_CURVE('',#4165,#4162,#4166,.F.);
#3658=EDGE_CURVE('',#4005,#4165,#4167,.T.);
#3659=EDGE_CURVE('',#4168,#4165,#4169,.T.);
#3660=EDGE_CURVE('',#4168,#4007,#4170,.T.);
#3661=EDGE_CURVE('',#4171,#4172,#4173,.T.);
#3662=EDGE_CURVE('',#4174,#4171,#4175,.T.);
#3663=EDGE_CURVE('',#4176,#4174,#4177,.T.);
#3664=EDGE_CURVE('',#4172,#4176,#4178,.T.);
#3665=EDGE_CURVE('',#4179,#4168,#4180,.F.);
#3666=EDGE_CURVE('',#4009,#4179,#4181,.T.);
#3667=EDGE_CURVE('',#4182,#4011,#4183,.T.);
#3668=EDGE_CURVE('',#4182,#4179,#4184,.T.);
#3669=EDGE_CURVE('',#4185,#4182,#4186,.F.);
#3670=EDGE_CURVE('',#4013,#4185,#4187,.T.);
#3671=EDGE_CURVE('',#4188,#4185,#4189,.T.);
#3672=EDGE_CURVE('',#4188,#4015,#4190,.T.);
#3673=EDGE_CURVE('',#4191,#4192,#4193,.T.);
#3674=EDGE_CURVE('',#4194,#4191,#4195,.T.);
#3675=EDGE_CURVE('',#4196,#4194,#4197,.T.);
#3676=EDGE_CURVE('',#4192,#4196,#4198,.T.);
#3677=EDGE_CURVE('',#4017,#4199,#4200,.T.);
#3678=EDGE_CURVE('',#4199,#4188,#4201,.F.);
#3679=EDGE_CURVE('',#4202,#4199,#4203,.T.);
#3680=EDGE_CURVE('',#4202,#4019,#4204,.T.);
#3681=EDGE_CURVE('',#4205,#4202,#4206,.F.);
#3682=EDGE_CURVE('',#4021,#4205,#4207,.T.);
#3683=EDGE_CURVE('',#4208,#4205,#4209,.T.);
#3684=EDGE_CURVE('',#4208,#4023,#4210,.T.);
#3685=EDGE_CURVE('',#4211,#4212,#4213,.T.);
#3686=EDGE_CURVE('',#4214,#4211,#4215,.T.);
#3687=EDGE_CURVE('',#4216,#4214,#4217,.T.);
#3688=EDGE_CURVE('',#4212,#4216,#4218,.T.);
#3689=EDGE_CURVE('',#4025,#4219,#4220,.T.);
#3690=EDGE_CURVE('',#4219,#4208,#4221,.F.);
#3691=EDGE_CURVE('',#4222,#4219,#4223,.T.);
#3692=EDGE_CURVE('',#4222,#4027,#4224,.T.);
#3693=EDGE_CURVE('',#4225,#4222,#4226,.F.);
#3694=EDGE_CURVE('',#4029,#4225,#4227,.T.);
#3695=EDGE_CURVE('',#4228,#4225,#4229,.T.);
#3696=EDGE_CURVE('',#4228,#4031,#4230,.T.);
#3697=EDGE_CURVE('',#4231,#4232,#4233,.T.);
#3698=EDGE_CURVE('',#4234,#4231,#4235,.T.);
#3699=EDGE_CURVE('',#4236,#4234,#4237,.T.);
#3700=EDGE_CURVE('',#4232,#4236,#4238,.T.);
#3701=EDGE_CURVE('',#4033,#4239,#4240,.T.);
#3702=EDGE_CURVE('',#4239,#4228,#4241,.F.);
#3703=EDGE_CURVE('',#4242,#4239,#4243,.T.);
#3704=EDGE_CURVE('',#4242,#4035,#4244,.T.);
#3705=EDGE_CURVE('',#4245,#4242,#4246,.F.);
#3706=EDGE_CURVE('',#4037,#4245,#4247,.T.);
#3707=EDGE_CURVE('',#4248,#4245,#4249,.T.);
#3708=EDGE_CURVE('',#4248,#4039,#4250,.T.);
#3709=EDGE_CURVE('',#4251,#4252,#4253,.T.);
#3710=EDGE_CURVE('',#4254,#4251,#4255,.T.);
#3711=EDGE_CURVE('',#4256,#4254,#4257,.T.);
#3712=EDGE_CURVE('',#4252,#4256,#4258,.T.);
#3713=EDGE_CURVE('',#4041,#4259,#4260,.T.);
#3714=EDGE_CURVE('',#4259,#4248,#4261,.F.);
#3715=EDGE_CURVE('',#4262,#4259,#4263,.T.);
#3716=EDGE_CURVE('',#4262,#4043,#4264,.T.);
#3717=EDGE_CURVE('',#4265,#4262,#4266,.F.);
#3718=EDGE_CURVE('',#4045,#4265,#4267,.T.);
#3719=EDGE_CURVE('',#4268,#4265,#4269,.T.);
#3720=EDGE_CURVE('',#4268,#4047,#4270,.T.);
#3721=EDGE_CURVE('',#4271,#4272,#4273,.T.);
#3722=EDGE_CURVE('',#4274,#4271,#4275,.T.);
#3723=EDGE_CURVE('',#4276,#4274,#4277,.T.);
#3724=EDGE_CURVE('',#4272,#4276,#4278,.T.);
#3725=EDGE_CURVE('',#4049,#4279,#4280,.T.);
#3726=EDGE_CURVE('',#4279,#4268,#4281,.F.);
#3727=EDGE_CURVE('',#4279,#4072,#4282,.T.);
#3728=EDGE_CURVE('',#4081,#4283,#4284,.F.);
#3729=EDGE_CURVE('',#4283,#4068,#4285,.F.);
#3730=EDGE_CURVE('',#4074,#4150,#4286,.T.);
#3731=EDGE_CURVE('',#4287,#4288,#4289,.F.);
#3732=EDGE_CURVE('',#4288,#4290,#4291,.F.);
#3733=EDGE_CURVE('',#4290,#4283,#4292,.T.);
#3734=EDGE_CURVE('',#4148,#4287,#4293,.F.);
#3735=EDGE_CURVE('',#4080,#4290,#4294,.F.);
#3736=EDGE_CURVE('',#4139,#4080,#4295,.F.);
#3737=EDGE_CURVE('',#4296,#4297,#4298,.T.);
#3738=EDGE_CURVE('',#4090,#4296,#4299,.T.);
#3739=EDGE_CURVE('',#4091,#4297,#4300,.T.);
#3740=EDGE_CURVE('',#4301,#4296,#4302,.T.);
#3741=EDGE_CURVE('',#4093,#4301,#4303,.T.);
#3742=EDGE_CURVE('',#4304,#4301,#4305,.T.);
#3743=EDGE_CURVE('',#4095,#4304,#4306,.T.);
#3744=EDGE_CURVE('',#4297,#4304,#4307,.T.);
#3745=EDGE_CURVE('',#4308,#4309,#4310,.T.);
#3746=EDGE_CURVE('',#4098,#4308,#4311,.T.);
#3747=EDGE_CURVE('',#4099,#4309,#4312,.T.);
#3748=EDGE_CURVE('',#4313,#4308,#4314,.T.);
#3749=EDGE_CURVE('',#4101,#4313,#4315,.T.);
#3750=EDGE_CURVE('',#4316,#4313,#4317,.T.);
#3751=EDGE_CURVE('',#4103,#4316,#4318,.T.);
#3752=EDGE_CURVE('',#4309,#4316,#4319,.T.);
#3753=EDGE_CURVE('',#4320,#4321,#4322,.T.);
#3754=EDGE_CURVE('',#4106,#4320,#4323,.T.);
#3755=EDGE_CURVE('',#4107,#4321,#4324,.T.);
#3756=EDGE_CURVE('',#4325,#4320,#4326,.T.);
#3757=EDGE_CURVE('',#4109,#4325,#4327,.T.);
#3758=EDGE_CURVE('',#4328,#4325,#4329,.T.);
#3759=EDGE_CURVE('',#4111,#4328,#4330,.T.);
#3760=EDGE_CURVE('',#4321,#4328,#4331,.T.);
#3761=EDGE_CURVE('',#4332,#4333,#4334,.T.);
#3762=EDGE_CURVE('',#4114,#4332,#4335,.T.);
#3763=EDGE_CURVE('',#4115,#4333,#4336,.T.);
#3764=EDGE_CURVE('',#4337,#4332,#4338,.T.);
#3765=EDGE_CURVE('',#4117,#4337,#4339,.T.);
#3766=EDGE_CURVE('',#4340,#4337,#4341,.T.);
#3767=EDGE_CURVE('',#4119,#4340,#4342,.T.);
#3768=EDGE_CURVE('',#4333,#4340,#4343,.T.);
#3769=EDGE_CURVE('',#4344,#4345,#4346,.T.);
#3770=EDGE_CURVE('',#4122,#4344,#4347,.T.);
#3771=EDGE_CURVE('',#4123,#4345,#4348,.T.);
#3772=EDGE_CURVE('',#4349,#4344,#4350,.T.);
#3773=EDGE_CURVE('',#4125,#4349,#4351,.T.);
#3774=EDGE_CURVE('',#4352,#4349,#4353,.T.);
#3775=EDGE_CURVE('',#4127,#4352,#4354,.T.);
#3776=EDGE_CURVE('',#4345,#4352,#4355,.T.);
#3777=EDGE_CURVE('',#4356,#4357,#4358,.T.);
#3778=EDGE_CURVE('',#4130,#4356,#4359,.T.);
#3779=EDGE_CURVE('',#4131,#4357,#4360,.T.);
#3780=EDGE_CURVE('',#4361,#4356,#4362,.T.);
#3781=EDGE_CURVE('',#4133,#4361,#4363,.T.);
#3782=EDGE_CURVE('',#4364,#4361,#4365,.T.);
#3783=EDGE_CURVE('',#4135,#4364,#4366,.T.);
#3784=EDGE_CURVE('',#4357,#4364,#4367,.T.);
#3785=EDGE_CURVE('',#4287,#4138,#4368,.F.);
#3786=EDGE_CURVE('',#4139,#4288,#4369,.F.);
#3787=EDGE_CURVE('',#4370,#4371,#4372,.T.);
#3788=EDGE_CURVE('',#4371,#4171,#4373,.T.);
#3789=EDGE_CURVE('',#4370,#4172,#4374,.T.);
#3790=EDGE_CURVE('',#4371,#4375,#4376,.T.);
#3791=EDGE_CURVE('',#4375,#4174,#4377,.T.);
#3792=EDGE_CURVE('',#4375,#4378,#4379,.T.);
#3793=EDGE_CURVE('',#4378,#4176,#4380,.T.);
#3794=EDGE_CURVE('',#4378,#4370,#4381,.T.);
#3795=EDGE_CURVE('',#4382,#4383,#4384,.T.);
#3796=EDGE_CURVE('',#4383,#4191,#4385,.T.);
#3797=EDGE_CURVE('',#4382,#4192,#4386,.T.);
#3798=EDGE_CURVE('',#4383,#4387,#4388,.T.);
#3799=EDGE_CURVE('',#4387,#4194,#4389,.T.);
#3800=EDGE_CURVE('',#4387,#4390,#4391,.T.);
#3801=EDGE_CURVE('',#4390,#4196,#4392,.T.);
#3802=EDGE_CURVE('',#4390,#4382,#4393,.T.);
#3803=EDGE_CURVE('',#4394,#4395,#4396,.T.);
#3804=EDGE_CURVE('',#4395,#4211,#4397,.T.);
#3805=EDGE_CURVE('',#4394,#4212,#4398,.T.);
#3806=EDGE_CURVE('',#4395,#4399,#4400,.T.);
#3807=EDGE_CURVE('',#4399,#4214,#4401,.T.);
#3808=EDGE_CURVE('',#4399,#4402,#4403,.T.);
#3809=EDGE_CURVE('',#4402,#4216,#4404,.T.);
#3810=EDGE_CURVE('',#4402,#4394,#4405,.T.);
#3811=EDGE_CURVE('',#4406,#4407,#4408,.T.);
#3812=EDGE_CURVE('',#4407,#4231,#4409,.T.);
#3813=EDGE_CURVE('',#4406,#4232,#4410,.T.);
#3814=EDGE_CURVE('',#4407,#4411,#4412,.T.);
#3815=EDGE_CURVE('',#4411,#4234,#4413,.T.);
#3816=EDGE_CURVE('',#4411,#4414,#4415,.T.);
#3817=EDGE_CURVE('',#4414,#4236,#4416,.T.);
#3818=EDGE_CURVE('',#4414,#4406,#4417,.T.);
#3819=EDGE_CURVE('',#4418,#4419,#4420,.T.);
#3820=EDGE_CURVE('',#4419,#4251,#4421,.T.);
#3821=EDGE_CURVE('',#4418,#4252,#4422,.T.);
#3822=EDGE_CURVE('',#4419,#4423,#4424,.T.);
#3823=EDGE_CURVE('',#4423,#4254,#4425,.T.);
#3824=EDGE_CURVE('',#4423,#4426,#4427,.T.);
#3825=EDGE_CURVE('',#4426,#4256,#4428,.T.);
#3826=EDGE_CURVE('',#4426,#4418,#4429,.T.);
#3827=EDGE_CURVE('',#4430,#4431,#4432,.T.);
#3828=EDGE_CURVE('',#4431,#4271,#4433,.T.);
#3829=EDGE_CURVE('',#4430,#4272,#4434,.T.);
#3830=EDGE_CURVE('',#4431,#4435,#4436,.T.);
#3831=EDGE_CURVE('',#4435,#4274,#4437,.T.);
#3832=EDGE_CURVE('',#4435,#4438,#4439,.T.);
#3833=EDGE_CURVE('',#4438,#4276,#4440,.T.);
#3834=EDGE_CURVE('',#4438,#4430,#4441,.T.);
#3835=EDGE_CURVE('',#4297,#4442,#4443,.T.);
#3836=EDGE_CURVE('',#4444,#4442,#4445,.T.);
#3837=EDGE_CURVE('',#4296,#4444,#4446,.T.);
#3838=EDGE_CURVE('',#4447,#4444,#4448,.T.);
#3839=EDGE_CURVE('',#4301,#4447,#4449,.T.);
#3840=EDGE_CURVE('',#4450,#4447,#4451,.T.);
#3841=EDGE_CURVE('',#4304,#4450,#4452,.T.);
#3842=EDGE_CURVE('',#4442,#4450,#4453,.T.);
#3843=EDGE_CURVE('',#4309,#4454,#4455,.T.);
#3844=EDGE_CURVE('',#4456,#4454,#4457,.T.);
#3845=EDGE_CURVE('',#4308,#4456,#4458,.T.);
#3846=EDGE_CURVE('',#4459,#4456,#4460,.T.);
#3847=EDGE_CURVE('',#4313,#4459,#4461,.T.);
#3848=EDGE_CURVE('',#4462,#4459,#4463,.T.);
#3849=EDGE_CURVE('',#4316,#4462,#4464,.T.);
#3850=EDGE_CURVE('',#4454,#4462,#4465,.T.);
#3851=EDGE_CURVE('',#4321,#4466,#4467,.T.);
#3852=EDGE_CURVE('',#4468,#4466,#4469,.T.);
#3853=EDGE_CURVE('',#4320,#4468,#4470,.T.);
#3854=EDGE_CURVE('',#4471,#4468,#4472,.T.);
#3855=EDGE_CURVE('',#4325,#4471,#4473,.T.);
#3856=EDGE_CURVE('',#4474,#4471,#4475,.T.);
#3857=EDGE_CURVE('',#4328,#4474,#4476,.T.);
#3858=EDGE_CURVE('',#4466,#4474,#4477,.T.);
#3859=EDGE_CURVE('',#4333,#4478,#4479,.T.);
#3860=EDGE_CURVE('',#4480,#4478,#4481,.T.);
#3861=EDGE_CURVE('',#4332,#4480,#4482,.T.);
#3862=EDGE_CURVE('',#4483,#4480,#4484,.T.);
#3863=EDGE_CURVE('',#4337,#4483,#4485,.T.);
#3864=EDGE_CURVE('',#4486,#4483,#4487,.T.);
#3865=EDGE_CURVE('',#4340,#4486,#4488,.T.);
#3866=EDGE_CURVE('',#4478,#4486,#4489,.T.);
#3867=EDGE_CURVE('',#4345,#4490,#4491,.T.);
#3868=EDGE_CURVE('',#4492,#4490,#4493,.T.);
#3869=EDGE_CURVE('',#4344,#4492,#4494,.T.);
#3870=EDGE_CURVE('',#4495,#4492,#4496,.T.);
#3871=EDGE_CURVE('',#4349,#4495,#4497,.T.);
#3872=EDGE_CURVE('',#4498,#4495,#4499,.T.);
#3873=EDGE_CURVE('',#4352,#4498,#4500,.T.);
#3874=EDGE_CURVE('',#4490,#4498,#4501,.T.);
#3875=EDGE_CURVE('',#4357,#4502,#4503,.T.);
#3876=EDGE_CURVE('',#4504,#4502,#4505,.T.);
#3877=EDGE_CURVE('',#4356,#4504,#4506,.T.);
#3878=EDGE_CURVE('',#4507,#4504,#4508,.T.);
#3879=EDGE_CURVE('',#4361,#4507,#4509,.T.);
#3880=EDGE_CURVE('',#4510,#4507,#4511,.T.);
#3881=EDGE_CURVE('',#4364,#4510,#4512,.T.);
#3882=EDGE_CURVE('',#4502,#4510,#4513,.T.);
#3883=EDGE_CURVE('',#4514,#4370,#4515,.F.);
#3884=EDGE_CURVE('',#4514,#4516,#4517,.T.);
#3885=EDGE_CURVE('',#4516,#4371,#4518,.F.);
#3886=EDGE_CURVE('',#4516,#4519,#4520,.T.);
#3887=EDGE_CURVE('',#4519,#4375,#4521,.F.);
#3888=EDGE_CURVE('',#4519,#4522,#4523,.T.);
#3889=EDGE_CURVE('',#4522,#4378,#4524,.F.);
#3890=EDGE_CURVE('',#4522,#4514,#4525,.T.);
#3891=EDGE_CURVE('',#4526,#4382,#4527,.F.);
#3892=EDGE_CURVE('',#4526,#4528,#4529,.T.);
#3893=EDGE_CURVE('',#4528,#4383,#4530,.F.);
#3894=EDGE_CURVE('',#4528,#4531,#4532,.T.);
#3895=EDGE_CURVE('',#4531,#4387,#4533,.F.);
#3896=EDGE_CURVE('',#4531,#4534,#4535,.T.);
#3897=EDGE_CURVE('',#4534,#4390,#4536,.F.);
#3898=EDGE_CURVE('',#4534,#4526,#4537,.T.);
#3899=EDGE_CURVE('',#4538,#4394,#4539,.F.);
#3900=EDGE_CURVE('',#4538,#4540,#4541,.T.);
#3901=EDGE_CURVE('',#4540,#4395,#4542,.F.);
#3902=EDGE_CURVE('',#4540,#4543,#4544,.T.);
#3903=EDGE_CURVE('',#4543,#4399,#4545,.F.);
#3904=EDGE_CURVE('',#4543,#4546,#4547,.T.);
#3905=EDGE_CURVE('',#4546,#4402,#4548,.F.);
#3906=EDGE_CURVE('',#4546,#4538,#4549,.T.);
#3907=EDGE_CURVE('',#4550,#4406,#4551,.F.);
#3908=EDGE_CURVE('',#4550,#4552,#4553,.T.);
#3909=EDGE_CURVE('',#4552,#4407,#4554,.F.);
#3910=EDGE_CURVE('',#4552,#4555,#4556,.T.);
#3911=EDGE_CURVE('',#4555,#4411,#4557,.F.);
#3912=EDGE_CURVE('',#4555,#4558,#4559,.T.);
#3913=EDGE_CURVE('',#4558,#4414,#4560,.F.);
#3914=EDGE_CURVE('',#4558,#4550,#4561,.T.);
#3915=EDGE_CURVE('',#4562,#4418,#4563,.F.);
#3916=EDGE_CURVE('',#4562,#4564,#4565,.T.);
#3917=EDGE_CURVE('',#4564,#4419,#4566,.F.);
#3918=EDGE_CURVE('',#4564,#4567,#4568,.T.);
#3919=EDGE_CURVE('',#4567,#4423,#4569,.F.);
#3920=EDGE_CURVE('',#4567,#4570,#4571,.T.);
#3921=EDGE_CURVE('',#4570,#4426,#4572,.F.);
#3922=EDGE_CURVE('',#4570,#4562,#4573,.T.);
#3923=EDGE_CURVE('',#4574,#4430,#4575,.F.);
#3924=EDGE_CURVE('',#4574,#4576,#4577,.T.);
#3925=EDGE_CURVE('',#4576,#4431,#4578,.F.);
#3926=EDGE_CURVE('',#4576,#4579,#4580,.T.);
#3927=EDGE_CURVE('',#4579,#4435,#4581,.F.);
#3928=EDGE_CURVE('',#4579,#4582,#4583,.T.);
#3929=EDGE_CURVE('',#4582,#4438,#4584,.F.);
#3930=EDGE_CURVE('',#4582,#4574,#4585,.T.);
#3931=VERTEX_POINT('',#4586);
#3932=VERTEX_POINT('',#4587);
#3933=LINE('',#4588,#4589);
#3934=VERTEX_POINT('',#4591);
#3935=LINE('',#4592,#4593);
#3936=VERTEX_POINT('',#4595);
#3937=CIRCLE('',#4596,0.6);
#3938=VERTEX_POINT('',#4600);
#3939=LINE('',#4601,#4602);
#3940=VERTEX_POINT('',#4604);
#3941=LINE('',#4605,#4606);
#3942=VERTEX_POINT('',#4608);
#3943=LINE('',#4609,#4610);
#3944=VERTEX_POINT('',#4612);
#3945=LINE('',#4613,#4614);
#3946=VERTEX_POINT('',#4616);
#3947=LINE('',#4617,#4618);
#3948=VERTEX_POINT('',#4620);
#3949=LINE('',#4621,#4622);
#3950=VERTEX_POINT('',#4624);
#3951=LINE('',#4625,#4626);
#3952=VERTEX_POINT('',#4628);
#3953=LINE('',#4629,#4630);
#3954=VERTEX_POINT('',#4632);
#3955=LINE('',#4633,#4634);
#3956=VERTEX_POINT('',#4636);
#3957=LINE('',#4637,#4638);
#3958=VERTEX_POINT('',#4640);
#3959=LINE('',#4641,#4642);
#3960=VERTEX_POINT('',#4644);
#3961=LINE('',#4645,#4646);
#3962=VERTEX_POINT('',#4648);
#3963=LINE('',#4649,#4650);
#3964=VERTEX_POINT('',#4652);
#3965=LINE('',#4653,#4654);
#3966=VERTEX_POINT('',#4656);
#3967=LINE('',#4657,#4658);
#3968=VERTEX_POINT('',#4660);
#3969=CIRCLE('',#4661,0.6);
#3970=VERTEX_POINT('',#4665);
#3971=LINE('',#4666,#4667);
#3972=VERTEX_POINT('',#4669);
#3973=LINE('',#4670,#4671);
#3974=LINE('',#4673,#4674);
#3975=VERTEX_POINT('',#4676);
#3976=LINE('',#4677,#4678);
#3977=VERTEX_POINT('',#4680);
#3978=LINE('',#4681,#4682);
#3979=LINE('',#4684,#4685);
#3980=VERTEX_POINT('',#4687);
#3981=LINE('',#4688,#4689);
#3982=VERTEX_POINT('',#4691);
#3983=LINE('',#4692,#4693);
#3984=LINE('',#4695,#4696);
#3985=VERTEX_POINT('',#4698);
#3986=LINE('',#4699,#4700);
#3987=VERTEX_POINT('',#4702);
#3988=LINE('',#4703,#4704);
#3989=VERTEX_POINT('',#4706);
#3990=LINE('',#4707,#4708);
#3991=VERTEX_POINT('',#4710);
#3992=CIRCLE('',#4711,0.6);
#3993=VERTEX_POINT('',#4715);
#3994=LINE('',#4716,#4717);
#3995=VERTEX_POINT('',#4719);
#3996=LINE('',#4720,#4721);
#3997=VERTEX_POINT('',#4723);
#3998=LINE('',#4724,#4725);
#3999=VERTEX_POINT('',#4727);
#4000=LINE('',#4728,#4729);
#4001=VERTEX_POINT('',#4731);
#4002=LINE('',#4732,#4733);
#4003=VERTEX_POINT('',#4735);
#4004=LINE('',#4736,#4737);
#4005=VERTEX_POINT('',#4739);
#4006=LINE('',#4740,#4741);
#4007=VERTEX_POINT('',#4743);
#4008=LINE('',#4744,#4745);
#4009=VERTEX_POINT('',#4747);
#4010=LINE('',#4748,#4749);
#4011=VERTEX_POINT('',#4751);
#4012=LINE('',#4752,#4753);
#4013=VERTEX_POINT('',#4755);
#4014=LINE('',#4756,#4757);
#4015=VERTEX_POINT('',#4759);
#4016=LINE('',#4760,#4761);
#4017=VERTEX_POINT('',#4763);
#4018=LINE('',#4764,#4765);
#4019=VERTEX_POINT('',#4767);
#4020=LINE('',#4768,#4769);
#4021=VERTEX_POINT('',#4771);
#4022=LINE('',#4772,#4773);
#4023=VERTEX_POINT('',#4775);
#4024=LINE('',#4776,#4777);
#4025=VERTEX_POINT('',#4779);
#4026=LINE('',#4780,#4781);
#4027=VERTEX_POINT('',#4783);
#4028=LINE('',#4784,#4785);
#4029=VERTEX_POINT('',#4787);
#4030=LINE('',#4788,#4789);
#4031=VERTEX_POINT('',#4791);
#4032=LINE('',#4792,#4793);
#4033=VERTEX_POINT('',#4795);
#4034=LINE('',#4796,#4797);
#4035=VERTEX_POINT('',#4799);
#4036=LINE('',#4800,#4801);
#4037=VERTEX_POINT('',#4803);
#4038=LINE('',#4804,#4805);
#4039=VERTEX_POINT('',#4807);
#4040=LINE('',#4808,#4809);
#4041=VERTEX_POINT('',#4811);
#4042=LINE('',#4812,#4813);
#4043=VERTEX_POINT('',#4815);
#4044=LINE('',#4816,#4817);
#4045=VERTEX_POINT('',#4819);
#4046=LINE('',#4820,#4821);
#4047=VERTEX_POINT('',#4823);
#4048=LINE('',#4824,#4825);
#4049=VERTEX_POINT('',#4827);
#4050=LINE('',#4828,#4829);
#4051=VERTEX_POINT('',#4831);
#4052=LINE('',#4832,#4833);
#4053=LINE('',#4835,#4836);
#4054=VERTEX_POINT('',#4838);
#4055=LINE('',#4839,#4840);
#4056=VERTEX_POINT('',#4842);
#4057=LINE('',#4843,#4844);
#4058=VERTEX_POINT('',#4846);
#4059=LINE('',#4847,#4848);
#4060=VERTEX_POINT('',#4850);
#4061=CIRCLE('',#4851,0.6);
#4062=LINE('',#4855,#4856);
#4063=LINE('',#4858,#4859);
#4064=LINE('',#4861,#4862);
#4065=LINE('',#4864,#4865);
#4066=LINE('',#4867,#4868);
#4067=LINE('',#4870,#4871);
#4068=VERTEX_POINT('',#4873);
#4069=VERTEX_POINT('',#4874);
#4070=LINE('',#4875,#4876);
#4071=LINE('',#4878,#4879);
#4072=VERTEX_POINT('',#4881);
#4073=LINE('',#4882,#4883);
#4074=VERTEX_POINT('',#4885);
#4075=LINE('',#4886,#4887);
#4076=LINE('',#4889,#4890);
#4077=VERTEX_POINT('',#4892);
#4078=LINE('',#4893,#4894);
#4079=LINE('',#4896,#4897);
#4080=VERTEX_POINT('',#4899);
#4081=VERTEX_POINT('',#4900);
#4082=LINE('',#4901,#4902);
#4083=VERTEX_POINT('',#4904);
#4084=LINE('',#4905,#4906);
#4085=LINE('',#4908,#4909);
#4086=LINE('',#4911,#4912);
#4087=VERTEX_POINT('',#4914);
#4088=LINE('',#4915,#4916);
#4089=LINE('',#4918,#4919);
#4090=VERTEX_POINT('',#4921);
#4091=VERTEX_POINT('',#4922);
#4092=LINE('',#4923,#4924);
#4093=VERTEX_POINT('',#4926);
#4094=LINE('',#4927,#4928);
#4095=VERTEX_POINT('',#4930);
#4096=LINE('',#4931,#4932);
#4097=LINE('',#4934,#4935);
#4098=VERTEX_POINT('',#4937);
#4099=VERTEX_POINT('',#4938);
#4100=LINE('',#4939,#4940);
#4101=VERTEX_POINT('',#4942);
#4102=LINE('',#4943,#4944);
#4103=VERTEX_POINT('',#4946);
#4104=LINE('',#4947,#4948);
#4105=LINE('',#4950,#4951);
#4106=VERTEX_POINT('',#4953);
#4107=VERTEX_POINT('',#4954);
#4108=LINE('',#4955,#4956);
#4109=VERTEX_POINT('',#4958);
#4110=LINE('',#4959,#4960);
#4111=VERTEX_POINT('',#4962);
#4112=LINE('',#4963,#4964);
#4113=LINE('',#4966,#4967);
#4114=VERTEX_POINT('',#4969);
#4115=VERTEX_POINT('',#4970);
#4116=LINE('',#4971,#4972);
#4117=VERTEX_POINT('',#4974);
#4118=LINE('',#4975,#4976);
#4119=VERTEX_POINT('',#4978);
#4120=LINE('',#4979,#4980);
#4121=LINE('',#4982,#4983);
#4122=VERTEX_POINT('',#4985);
#4123=VERTEX_POINT('',#4986);
#4124=LINE('',#4987,#4988);
#4125=VERTEX_POINT('',#4990);
#4126=LINE('',#4991,#4992);
#4127=VERTEX_POINT('',#4994);
#4128=LINE('',#4995,#4996);
#4129=LINE('',#4998,#4999);
#4130=VERTEX_POINT('',#5001);
#4131=VERTEX_POINT('',#5002);
#4132=LINE('',#5003,#5004);
#4133=VERTEX_POINT('',#5006);
#4134=LINE('',#5007,#5008);
#4135=VERTEX_POINT('',#5010);
#4136=LINE('',#5011,#5012);
#4137=LINE('',#5014,#5015);
#4138=VERTEX_POINT('',#5017);
#4139=VERTEX_POINT('',#5018);
#4140=LINE('',#5019,#5020);
#4141=VERTEX_POINT('',#5022);
#4142=LINE('',#5023,#5024);
#4143=LINE('',#5026,#5027);
#4144=LINE('',#5029,#5030);
#4145=VERTEX_POINT('',#5032);
#4146=LINE('',#5033,#5034);
#4147=LINE('',#5036,#5037);
#4148=VERTEX_POINT('',#5039);
#4149=LINE('',#5040,#5041);
#4150=VERTEX_POINT('',#5043);
#4151=LINE('',#5044,#5045);
#4152=VERTEX_POINT('',#5047);
#4153=LINE('',#5048,#5049);
#4154=LINE('',#5051,#5052);
#4155=LINE('',#5054,#5055);
#4156=LINE('',#5057,#5058);
#4157=LINE('',#5060,#5061);
#4158=LINE('',#5063,#5064);
#4159=LINE('',#5066,#5067);
#4160=LINE('',#5069,#5070);
#4161=LINE('',#5072,#5073);
#4162=VERTEX_POINT('',#5075);
#4163=LINE('',#5076,#5077);
#4164=LINE('',#5079,#5080);
#4165=VERTEX_POINT('',#5082);
#4166=LINE('',#5083,#5084);
#4167=LINE('',#5086,#5087);
#4168=VERTEX_POINT('',#5089);
#4169=LINE('',#5090,#5091);
#4170=LINE('',#5093,#5094);
#4171=VERTEX_POINT('',#5096);
#4172=VERTEX_POINT('',#5097);
#4173=LINE('',#5098,#5099);
#4174=VERTEX_POINT('',#5101);
#4175=LINE('',#5102,#5103);
#4176=VERTEX_POINT('',#5105);
#4177=LINE('',#5106,#5107);
#4178=LINE('',#5109,#5110);
#4179=VERTEX_POINT('',#5112);
#4180=LINE('',#5113,#5114);
#4181=LINE('',#5116,#5117);
#4182=VERTEX_POINT('',#5119);
#4183=LINE('',#5120,#5121);
#4184=LINE('',#5123,#5124);
#4185=VERTEX_POINT('',#5126);
#4186=LINE('',#5127,#5128);
#4187=LINE('',#5130,#5131);
#4188=VERTEX_POINT('',#5133);
#4189=LINE('',#5134,#5135);
#4190=LINE('',#5137,#5138);
#4191=VERTEX_POINT('',#5140);
#4192=VERTEX_POINT('',#5141);
#4193=LINE('',#5142,#5143);
#4194=VERTEX_POINT('',#5145);
#4195=LINE('',#5146,#5147);
#4196=VERTEX_POINT('',#5149);
#4197=LINE('',#5150,#5151);
#4198=LINE('',#5153,#5154);
#4199=VERTEX_POINT('',#5156);
#4200=LINE('',#5157,#5158);
#4201=LINE('',#5160,#5161);
#4202=VERTEX_POINT('',#5163);
#4203=LINE('',#5164,#5165);
#4204=LINE('',#5167,#5168);
#4205=VERTEX_POINT('',#5170);
#4206=LINE('',#5171,#5172);
#4207=LINE('',#5174,#5175);
#4208=VERTEX_POINT('',#5177);
#4209=LINE('',#5178,#5179);
#4210=LINE('',#5181,#5182);
#4211=VERTEX_POINT('',#5184);
#4212=VERTEX_POINT('',#5185);
#4213=LINE('',#5186,#5187);
#4214=VERTEX_POINT('',#5189);
#4215=LINE('',#5190,#5191);
#4216=VERTEX_POINT('',#5193);
#4217=LINE('',#5194,#5195);
#4218=LINE('',#5197,#5198);
#4219=VERTEX_POINT('',#5200);
#4220=LINE('',#5201,#5202);
#4221=LINE('',#5204,#5205);
#4222=VERTEX_POINT('',#5207);
#4223=LINE('',#5208,#5209);
#4224=LINE('',#5211,#5212);
#4225=VERTEX_POINT('',#5214);
#4226=LINE('',#5215,#5216);
#4227=LINE('',#5218,#5219);
#4228=VERTEX_POINT('',#5221);
#4229=LINE('',#5222,#5223);
#4230=LINE('',#5225,#5226);
#4231=VERTEX_POINT('',#5228);
#4232=VERTEX_POINT('',#5229);
#4233=LINE('',#5230,#5231);
#4234=VERTEX_POINT('',#5233);
#4235=LINE('',#5234,#5235);
#4236=VERTEX_POINT('',#5237);
#4237=LINE('',#5238,#5239);
#4238=LINE('',#5241,#5242);
#4239=VERTEX_POINT('',#5244);
#4240=LINE('',#5245,#5246);
#4241=LINE('',#5248,#5249);
#4242=VERTEX_POINT('',#5251);
#4243=LINE('',#5252,#5253);
#4244=LINE('',#5255,#5256);
#4245=VERTEX_POINT('',#5258);
#4246=LINE('',#5259,#5260);
#4247=LINE('',#5262,#5263);
#4248=VERTEX_POINT('',#5265);
#4249=LINE('',#5266,#5267);
#4250=LINE('',#5269,#5270);
#4251=VERTEX_POINT('',#5272);
#4252=VERTEX_POINT('',#5273);
#4253=LINE('',#5274,#5275);
#4254=VERTEX_POINT('',#5277);
#4255=LINE('',#5278,#5279);
#4256=VERTEX_POINT('',#5281);
#4257=LINE('',#5282,#5283);
#4258=LINE('',#5285,#5286);
#4259=VERTEX_POINT('',#5288);
#4260=LINE('',#5289,#5290);
#4261=LINE('',#5292,#5293);
#4262=VERTEX_POINT('',#5295);
#4263=LINE('',#5296,#5297);
#4264=LINE('',#5299,#5300);
#4265=VERTEX_POINT('',#5302);
#4266=LINE('',#5303,#5304);
#4267=LINE('',#5306,#5307);
#4268=VERTEX_POINT('',#5309);
#4269=LINE('',#5310,#5311);
#4270=LINE('',#5313,#5314);
#4271=VERTEX_POINT('',#5316);
#4272=VERTEX_POINT('',#5317);
#4273=LINE('',#5318,#5319);
#4274=VERTEX_POINT('',#5321);
#4275=LINE('',#5322,#5323);
#4276=VERTEX_POINT('',#5325);
#4277=LINE('',#5326,#5327);
#4278=LINE('',#5329,#5330);
#4279=VERTEX_POINT('',#5332);
#4280=LINE('',#5333,#5334);
#4281=LINE('',#5336,#5337);
#4282=LINE('',#5339,#5340);
#4283=VERTEX_POINT('',#5342);
#4284=LINE('',#5343,#5344);
#4285=LINE('',#5346,#5347);
#4286=LINE('',#5349,#5350);
#4287=VERTEX_POINT('',#5352);
#4288=VERTEX_POINT('',#5353);
#4289=LINE('',#5354,#5355);
#4290=VERTEX_POINT('',#5357);
#4291=LINE('',#5358,#5359);
#4292=LINE('',#5361,#5362);
#4293=LINE('',#5364,#5365);
#4294=LINE('',#5367,#5368);
#4295=LINE('',#5370,#5371);
#4296=VERTEX_POINT('',#5373);
#4297=VERTEX_POINT('',#5374);
#4298=LINE('',#5375,#5376);
#4299=LINE('',#5378,#5379);
#4300=LINE('',#5381,#5382);
#4301=VERTEX_POINT('',#5384);
#4302=LINE('',#5385,#5386);
#4303=LINE('',#5388,#5389);
#4304=VERTEX_POINT('',#5391);
#4305=LINE('',#5392,#5393);
#4306=LINE('',#5395,#5396);
#4307=LINE('',#5398,#5399);
#4308=VERTEX_POINT('',#5401);
#4309=VERTEX_POINT('',#5402);
#4310=LINE('',#5403,#5404);
#4311=LINE('',#5406,#5407);
#4312=LINE('',#5409,#5410);
#4313=VERTEX_POINT('',#5412);
#4314=LINE('',#5413,#5414);
#4315=LINE('',#5416,#5417);
#4316=VERTEX_POINT('',#5419);
#4317=LINE('',#5420,#5421);
#4318=LINE('',#5423,#5424);
#4319=LINE('',#5426,#5427);
#4320=VERTEX_POINT('',#5429);
#4321=VERTEX_POINT('',#5430);
#4322=LINE('',#5431,#5432);
#4323=LINE('',#5434,#5435);
#4324=LINE('',#5437,#5438);
#4325=VERTEX_POINT('',#5440);
#4326=LINE('',#5441,#5442);
#4327=LINE('',#5444,#5445);
#4328=VERTEX_POINT('',#5447);
#4329=LINE('',#5448,#5449);
#4330=LINE('',#5451,#5452);
#4331=LINE('',#5454,#5455);
#4332=VERTEX_POINT('',#5457);
#4333=VERTEX_POINT('',#5458);
#4334=LINE('',#5459,#5460);
#4335=LINE('',#5462,#5463);
#4336=LINE('',#5465,#5466);
#4337=VERTEX_POINT('',#5468);
#4338=LINE('',#5469,#5470);
#4339=LINE('',#5472,#5473);
#4340=VERTEX_POINT('',#5475);
#4341=LINE('',#5476,#5477);
#4342=LINE('',#5479,#5480);
#4343=LINE('',#5482,#5483);
#4344=VERTEX_POINT('',#5485);
#4345=VERTEX_POINT('',#5486);
#4346=LINE('',#5487,#5488);
#4347=LINE('',#5490,#5491);
#4348=LINE('',#5493,#5494);
#4349=VERTEX_POINT('',#5496);
#4350=LINE('',#5497,#5498);
#4351=LINE('',#5500,#5501);
#4352=VERTEX_POINT('',#5503);
#4353=LINE('',#5504,#5505);
#4354=LINE('',#5507,#5508);
#4355=LINE('',#5510,#5511);
#4356=VERTEX_POINT('',#5513);
#4357=VERTEX_POINT('',#5514);
#4358=LINE('',#5515,#5516);
#4359=LINE('',#5518,#5519);
#4360=LINE('',#5521,#5522);
#4361=VERTEX_POINT('',#5524);
#4362=LINE('',#5525,#5526);
#4363=LINE('',#5528,#5529);
#4364=VERTEX_POINT('',#5531);
#4365=LINE('',#5532,#5533);
#4366=LINE('',#5535,#5536);
#4367=LINE('',#5538,#5539);
#4368=LINE('',#5541,#5542);
#4369=LINE('',#5544,#5545);
#4370=VERTEX_POINT('',#5547);
#4371=VERTEX_POINT('',#5548);
#4372=LINE('',#5549,#5550);
#4373=LINE('',#5552,#5553);
#4374=LINE('',#5555,#5556);
#4375=VERTEX_POINT('',#5558);
#4376=LINE('',#5559,#5560);
#4377=LINE('',#5562,#5563);
#4378=VERTEX_POINT('',#5565);
#4379=LINE('',#5566,#5567);
#4380=LINE('',#5569,#5570);
#4381=LINE('',#5572,#5573);
#4382=VERTEX_POINT('',#5575);
#4383=VERTEX_POINT('',#5576);
#4384=LINE('',#5577,#5578);
#4385=LINE('',#5580,#5581);
#4386=LINE('',#5583,#5584);
#4387=VERTEX_POINT('',#5586);
#4388=LINE('',#5587,#5588);
#4389=LINE('',#5590,#5591);
#4390=VERTEX_POINT('',#5593);
#4391=LINE('',#5594,#5595);
#4392=LINE('',#5597,#5598);
#4393=LINE('',#5600,#5601);
#4394=VERTEX_POINT('',#5603);
#4395=VERTEX_POINT('',#5604);
#4396=LINE('',#5605,#5606);
#4397=LINE('',#5608,#5609);
#4398=LINE('',#5611,#5612);
#4399=VERTEX_POINT('',#5614);
#4400=LINE('',#5615,#5616);
#4401=LINE('',#5618,#5619);
#4402=VERTEX_POINT('',#5621);
#4403=LINE('',#5622,#5623);
#4404=LINE('',#5625,#5626);
#4405=LINE('',#5628,#5629);
#4406=VERTEX_POINT('',#5631);
#4407=VERTEX_POINT('',#5632);
#4408=LINE('',#5633,#5634);
#4409=LINE('',#5636,#5637);
#4410=LINE('',#5639,#5640);
#4411=VERTEX_POINT('',#5642);
#4412=LINE('',#5643,#5644);
#4413=LINE('',#5646,#5647);
#4414=VERTEX_POINT('',#5649);
#4415=LINE('',#5650,#5651);
#4416=LINE('',#5653,#5654);
#4417=LINE('',#5656,#5657);
#4418=VERTEX_POINT('',#5659);
#4419=VERTEX_POINT('',#5660);
#4420=LINE('',#5661,#5662);
#4421=LINE('',#5664,#5665);
#4422=LINE('',#5667,#5668);
#4423=VERTEX_POINT('',#5670);
#4424=LINE('',#5671,#5672);
#4425=LINE('',#5674,#5675);
#4426=VERTEX_POINT('',#5677);
#4427=LINE('',#5678,#5679);
#4428=LINE('',#5681,#5682);
#4429=LINE('',#5684,#5685);
#4430=VERTEX_POINT('',#5687);
#4431=VERTEX_POINT('',#5688);
#4432=LINE('',#5689,#5690);
#4433=LINE('',#5692,#5693);
#4434=LINE('',#5695,#5696);
#4435=VERTEX_POINT('',#5698);
#4436=LINE('',#5699,#5700);
#4437=LINE('',#5702,#5703);
#4438=VERTEX_POINT('',#5705);
#4439=LINE('',#5706,#5707);
#4440=LINE('',#5709,#5710);
#4441=LINE('',#5712,#5713);
#4442=VERTEX_POINT('',#5715);
#4443=LINE('',#5716,#5717);
#4444=VERTEX_POINT('',#5719);
#4445=LINE('',#5720,#5721);
#4446=LINE('',#5723,#5724);
#4447=VERTEX_POINT('',#5726);
#4448=LINE('',#5727,#5728);
#4449=LINE('',#5730,#5731);
#4450=VERTEX_POINT('',#5733);
#4451=LINE('',#5734,#5735);
#4452=LINE('',#5737,#5738);
#4453=LINE('',#5740,#5741);
#4454=VERTEX_POINT('',#5743);
#4455=LINE('',#5744,#5745);
#4456=VERTEX_POINT('',#5747);
#4457=LINE('',#5748,#5749);
#4458=LINE('',#5751,#5752);
#4459=VERTEX_POINT('',#5754);
#4460=LINE('',#5755,#5756);
#4461=LINE('',#5758,#5759);
#4462=VERTEX_POINT('',#5761);
#4463=LINE('',#5762,#5763);
#4464=LINE('',#5765,#5766);
#4465=LINE('',#5768,#5769);
#4466=VERTEX_POINT('',#5771);
#4467=LINE('',#5772,#5773);
#4468=VERTEX_POINT('',#5775);
#4469=LINE('',#5776,#5777);
#4470=LINE('',#5779,#5780);
#4471=VERTEX_POINT('',#5782);
#4472=LINE('',#5783,#5784);
#4473=LINE('',#5786,#5787);
#4474=VERTEX_POINT('',#5789);
#4475=LINE('',#5790,#5791);
#4476=LINE('',#5793,#5794);
#4477=LINE('',#5796,#5797);
#4478=VERTEX_POINT('',#5799);
#4479=LINE('',#5800,#5801);
#4480=VERTEX_POINT('',#5803);
#4481=LINE('',#5804,#5805);
#4482=LINE('',#5807,#5808);
#4483=VERTEX_POINT('',#5810);
#4484=LINE('',#5811,#5812);
#4485=LINE('',#5814,#5815);
#4486=VERTEX_POINT('',#5817);
#4487=LINE('',#5818,#5819);
#4488=LINE('',#5821,#5822);
#4489=LINE('',#5824,#5825);
#4490=VERTEX_POINT('',#5827);
#4491=LINE('',#5828,#5829);
#4492=VERTEX_POINT('',#5831);
#4493=LINE('',#5832,#5833);
#4494=LINE('',#5835,#5836);
#4495=VERTEX_POINT('',#5838);
#4496=LINE('',#5839,#5840);
#4497=LINE('',#5842,#5843);
#4498=VERTEX_POINT('',#5845);
#4499=LINE('',#5846,#5847);
#4500=LINE('',#5849,#5850);
#4501=LINE('',#5852,#5853);
#4502=VERTEX_POINT('',#5855);
#4503=LINE('',#5856,#5857);
#4504=VERTEX_POINT('',#5859);
#4505=LINE('',#5860,#5861);
#4506=LINE('',#5863,#5864);
#4507=VERTEX_POINT('',#5866);
#4508=LINE('',#5867,#5868);
#4509=LINE('',#5870,#5871);
#4510=VERTEX_POINT('',#5873);
#4511=LINE('',#5874,#5875);
#4512=LINE('',#5877,#5878);
#4513=LINE('',#5880,#5881);
#4514=VERTEX_POINT('',#5883);
#4515=LINE('',#5884,#5885);
#4516=VERTEX_POINT('',#5887);
#4517=LINE('',#5888,#5889);
#4518=LINE('',#5891,#5892);
#4519=VERTEX_POINT('',#5894);
#4520=LINE('',#5895,#5896);
#4521=LINE('',#5898,#5899);
#4522=VERTEX_POINT('',#5901);
#4523=LINE('',#5902,#5903);
#4524=LINE('',#5905,#5906);
#4525=LINE('',#5908,#5909);
#4526=VERTEX_POINT('',#5911);
#4527=LINE('',#5912,#5913);
#4528=VERTEX_POINT('',#5915);
#4529=LINE('',#5916,#5917);
#4530=LINE('',#5919,#5920);
#4531=VERTEX_POINT('',#5922);
#4532=LINE('',#5923,#5924);
#4533=LINE('',#5926,#5927);
#4534=VERTEX_POINT('',#5929);
#4535=LINE('',#5930,#5931);
#4536=LINE('',#5933,#5934);
#4537=LINE('',#5936,#5937);
#4538=VERTEX_POINT('',#5939);
#4539=LINE('',#5940,#5941);
#4540=VERTEX_POINT('',#5943);
#4541=LINE('',#5944,#5945);
#4542=LINE('',#5947,#5948);
#4543=VERTEX_POINT('',#5950);
#4544=LINE('',#5951,#5952);
#4545=LINE('',#5954,#5955);
#4546=VERTEX_POINT('',#5957);
#4547=LINE('',#5958,#5959);
#4548=LINE('',#5961,#5962);
#4549=LINE('',#5964,#5965);
#4550=VERTEX_POINT('',#5967);
#4551=LINE('',#5968,#5969);
#4552=VERTEX_POINT('',#5971);
#4553=LINE('',#5972,#5973);
#4554=LINE('',#5975,#5976);
#4555=VERTEX_POINT('',#5978);
#4556=LINE('',#5979,#5980);
#4557=LINE('',#5982,#5983);
#4558=VERTEX_POINT('',#5985);
#4559=LINE('',#5986,#5987);
#4560=LINE('',#5989,#5990);
#4561=LINE('',#5992,#5993);
#4562=VERTEX_POINT('',#5995);
#4563=LINE('',#5996,#5997);
#4564=VERTEX_POINT('',#5999);
#4565=LINE('',#6000,#6001);
#4566=LINE('',#6003,#6004);
#4567=VERTEX_POINT('',#6006);
#4568=LINE('',#6007,#6008);
#4569=LINE('',#6010,#6011);
#4570=VERTEX_POINT('',#6013);
#4571=LINE('',#6014,#6015);
#4572=LINE('',#6017,#6018);
#4573=LINE('',#6020,#6021);
#4574=VERTEX_POINT('',#6023);
#4575=LINE('',#6024,#6025);
#4576=VERTEX_POINT('',#6027);
#4577=LINE('',#6028,#6029);
#4578=LINE('',#6031,#6032);
#4579=VERTEX_POINT('',#6034);
#4580=LINE('',#6035,#6036);
#4581=LINE('',#6038,#6039);
#4582=VERTEX_POINT('',#6041);
#4583=LINE('',#6042,#6043);
#4584=LINE('',#6045,#6046);
#4585=LINE('',#6048,#6049);
#4586=CARTESIAN_POINT('',(11.25,-1.5,7.));
#4587=CARTESIAN_POINT('',(11.25,-1.5,3.));
#4588=CARTESIAN_POINT('',(11.25,-1.5,7.));
#4589=VECTOR('',#4590,1.);
#4590=DIRECTION('',(0.,0.,-1.));
#4591=CARTESIAN_POINT('',(13.15,-1.5,3.));
#4592=CARTESIAN_POINT('',(11.25,-1.5,3.));
#4593=VECTOR('',#4594,1.);
#4594=DIRECTION('',(1.,0.,0.));
#4595=CARTESIAN_POINT('',(13.75,-1.5,3.6));
#4596=AXIS2_PLACEMENT_3D('',#4597,#4598,#4599);
#4597=CARTESIAN_POINT('',(13.15,-1.5,3.6));
#4598=DIRECTION('',(0.,-1.,0.));
#4599=DIRECTION('',(0.,0.,-1.));
#4600=CARTESIAN_POINT('',(13.75,-1.5,6.2));
#4601=CARTESIAN_POINT('',(13.75,-1.5,3.6));
#4602=VECTOR('',#4603,1.);
#4603=DIRECTION('',(0.,0.,1.));
#4604=CARTESIAN_POINT('',(13.35,-1.5,6.6));
#4605=CARTESIAN_POINT('',(13.75,-1.5,6.2));
#4606=VECTOR('',#4607,1.);
#4607=DIRECTION('',(-0.707106781186547,0.,0.707106781186547));
#4608=CARTESIAN_POINT('',(13.75,-1.5,7.));
#4609=CARTESIAN_POINT('',(13.35,-1.5,6.6));
#4610=VECTOR('',#4611,1.);
#4611=DIRECTION('',(0.707106781186547,0.,0.707106781186547));
#4612=CARTESIAN_POINT('',(15.,-1.5,7.));
#4613=CARTESIAN_POINT('',(13.75,-1.5,7.));
#4614=VECTOR('',#4615,1.);
#4615=DIRECTION('',(1.,-1.77635683940025E-016,0.));
#4616=CARTESIAN_POINT('',(15.,-1.5,3.));
#4617=CARTESIAN_POINT('',(15.,-1.5,3.));
#4618=VECTOR('',#4619,1.);
#4619=DIRECTION('',(0.,0.,1.));
#4620=CARTESIAN_POINT('',(14.3,-1.5,3.));
#4621=CARTESIAN_POINT('',(15.,-1.5,3.));
#4622=VECTOR('',#4623,1.);
#4623=DIRECTION('',(-1.,0.,0.));
#4624=CARTESIAN_POINT('',(14.3,-1.5,2.));
#4625=CARTESIAN_POINT('',(14.3,-1.5,2.));
#4626=VECTOR('',#4627,1.);
#4627=DIRECTION('',(0.,0.,1.));
#4628=CARTESIAN_POINT('',(-1.8,-1.5,2.));
#4629=CARTESIAN_POINT('',(-1.8,-1.5,2.));
#4630=VECTOR('',#4631,1.);
#4631=DIRECTION('',(1.,0.,0.));
#4632=CARTESIAN_POINT('',(-1.8,-1.5,3.));
#4633=CARTESIAN_POINT('',(-1.8,-1.5,2.));
#4634=VECTOR('',#4635,1.);
#4635=DIRECTION('',(0.,0.,1.));
#4636=CARTESIAN_POINT('',(-2.5,-1.5,3.));
#4637=CARTESIAN_POINT('',(-1.8,-1.5,3.));
#4638=VECTOR('',#4639,1.);
#4639=DIRECTION('',(-1.,0.,0.));
#4640=CARTESIAN_POINT('',(-2.5,-1.5,7.));
#4641=CARTESIAN_POINT('',(-2.5,-1.5,3.));
#4642=VECTOR('',#4643,1.);
#4643=DIRECTION('',(0.,0.,1.));
#4644=CARTESIAN_POINT('',(-1.25,-1.5,7.));
#4645=CARTESIAN_POINT('',(-2.5,-1.5,7.));
#4646=VECTOR('',#4647,1.);
#4647=DIRECTION('',(1.,0.,0.));
#4648=CARTESIAN_POINT('',(-0.85,-1.5,6.6));
#4649=CARTESIAN_POINT('',(-1.25,-1.5,7.));
#4650=VECTOR('',#4651,1.);
#4651=DIRECTION('',(0.707106781186547,0.,-0.707106781186548));
#4652=CARTESIAN_POINT('',(-1.25,-1.5,6.2));
#4653=CARTESIAN_POINT('',(-0.85,-1.5,6.6));
#4654=VECTOR('',#4655,1.);
#4655=DIRECTION('',(-0.707106781186547,0.,-0.707106781186548));
#4656=CARTESIAN_POINT('',(-1.25,-1.5,3.6));
#4657=CARTESIAN_POINT('',(-1.25,-1.5,6.2));
#4658=VECTOR('',#4659,1.);
#4659=DIRECTION('',(0.,0.,-1.));
#4660=CARTESIAN_POINT('',(-0.65,-1.5,3.));
#4661=AXIS2_PLACEMENT_3D('',#4662,#4663,#4664);
#4662=CARTESIAN_POINT('',(-0.65,-1.5,3.6));
#4663=DIRECTION('',(0.,-1.,0.));
#4664=DIRECTION('',(-1.,0.,0.));
#4665=CARTESIAN_POINT('',(1.25,-1.5,3.));
#4666=CARTESIAN_POINT('',(-0.65,-1.5,3.));
#4667=VECTOR('',#4668,1.);
#4668=DIRECTION('',(1.,0.,0.));
#4669=CARTESIAN_POINT('',(1.25,-1.5,7.));
#4670=CARTESIAN_POINT('',(1.25,-1.5,3.));
#4671=VECTOR('',#4672,1.);
#4672=DIRECTION('',(0.,0.,1.));
#4673=CARTESIAN_POINT('',(1.25,-1.5,7.));
#4674=VECTOR('',#4675,1.);
#4675=DIRECTION('',(1.,0.,0.));
#4676=CARTESIAN_POINT('',(11.25,-2.2,7.));
#4677=CARTESIAN_POINT('',(11.25,-1.5,7.));
#4678=VECTOR('',#4679,1.);
#4679=DIRECTION('',(0.,-1.,0.));
#4680=CARTESIAN_POINT('',(1.25,-2.2,7.));
#4681=CARTESIAN_POINT('',(1.25,-2.2,7.));
#4682=VECTOR('',#4683,1.);
#4683=DIRECTION('',(0.,1.,0.));
#4684=CARTESIAN_POINT('',(1.25,-2.2,7.));
#4685=VECTOR('',#4686,1.);
#4686=DIRECTION('',(1.,0.,0.));
#4687=CARTESIAN_POINT('',(13.75,-2.2,7.));
#4688=CARTESIAN_POINT('',(13.75,-2.2,7.));
#4689=VECTOR('',#4690,1.);
#4690=DIRECTION('',(0.,1.,0.));
#4691=CARTESIAN_POINT('',(15.,-2.2,7.));
#4692=CARTESIAN_POINT('',(13.75,-2.2,7.));
#4693=VECTOR('',#4694,1.);
#4694=DIRECTION('',(1.,0.,0.));
#4695=CARTESIAN_POINT('',(15.,-2.2,7.));
#4696=VECTOR('',#4697,1.);
#4697=DIRECTION('',(0.,1.,0.));
#4698=CARTESIAN_POINT('',(11.25,-2.2,3.));
#4699=CARTESIAN_POINT('',(11.25,-2.2,7.));
#4700=VECTOR('',#4701,1.);
#4701=DIRECTION('',(0.,0.,-1.));
#4702=CARTESIAN_POINT('',(1.25,-2.2,3.));
#4703=CARTESIAN_POINT('',(1.25,-2.2,3.));
#4704=VECTOR('',#4705,1.);
#4705=DIRECTION('',(0.,0.,1.));
#4706=CARTESIAN_POINT('',(-0.65,-2.2,3.));
#4707=CARTESIAN_POINT('',(-0.65,-2.2,3.));
#4708=VECTOR('',#4709,1.);
#4709=DIRECTION('',(1.,0.,0.));
#4710=CARTESIAN_POINT('',(-1.25,-2.2,3.6));
#4711=AXIS2_PLACEMENT_3D('',#4712,#4713,#4714);
#4712=CARTESIAN_POINT('',(-0.65,-2.2,3.6));
#4713=DIRECTION('',(0.,-1.,0.));
#4714=DIRECTION('',(-1.,0.,0.));
#4715=CARTESIAN_POINT('',(-1.25,-2.2,6.2));
#4716=CARTESIAN_POINT('',(-1.25,-2.2,6.2));
#4717=VECTOR('',#4718,1.);
#4718=DIRECTION('',(0.,0.,-1.));
#4719=CARTESIAN_POINT('',(-0.85,-2.2,6.6));
#4720=CARTESIAN_POINT('',(-0.85,-2.2,6.6));
#4721=VECTOR('',#4722,1.);
#4722=DIRECTION('',(-0.707106781186547,0.,-0.707106781186548));
#4723=CARTESIAN_POINT('',(-1.25,-2.2,7.));
#4724=CARTESIAN_POINT('',(-1.25,-2.2,7.));
#4725=VECTOR('',#4726,1.);
#4726=DIRECTION('',(0.707106781186547,0.,-0.707106781186548));
#4727=CARTESIAN_POINT('',(-2.5,-2.2,7.));
#4728=CARTESIAN_POINT('',(-2.5,-2.2,7.));
#4729=VECTOR('',#4730,1.);
#4730=DIRECTION('',(1.,0.,0.));
#4731=CARTESIAN_POINT('',(-2.5,-2.2,0.));
#4732=CARTESIAN_POINT('',(-2.5,-2.2,0.));
#4733=VECTOR('',#4734,1.);
#4734=DIRECTION('',(0.,0.,1.));
#4735=CARTESIAN_POINT('',(-0.85,-2.2,0.));
#4736=CARTESIAN_POINT('',(-0.85,-2.2,0.));
#4737=VECTOR('',#4738,1.);
#4738=DIRECTION('',(-1.,0.,0.));
#4739=CARTESIAN_POINT('',(-0.85,-2.2,0.4));
#4740=CARTESIAN_POINT('',(-0.85,-2.2,0.4));
#4741=VECTOR('',#4742,1.);
#4742=DIRECTION('',(0.,0.,-1.));
#4743=CARTESIAN_POINT('',(0.85,-2.2,0.4));
#4744=CARTESIAN_POINT('',(-0.85,-2.2,0.4));
#4745=VECTOR('',#4746,1.);
#4746=DIRECTION('',(1.,0.,0.));
#4747=CARTESIAN_POINT('',(0.85,-2.2,0.));
#4748=CARTESIAN_POINT('',(0.85,-2.2,0.));
#4749=VECTOR('',#4750,1.);
#4750=DIRECTION('',(0.,0.,1.));
#4751=CARTESIAN_POINT('',(1.65,-2.2,0.));
#4752=CARTESIAN_POINT('',(0.85,-2.2,0.));
#4753=VECTOR('',#4754,1.);
#4754=DIRECTION('',(1.,0.,0.));
#4755=CARTESIAN_POINT('',(1.65,-2.2,0.4));
#4756=CARTESIAN_POINT('',(1.65,-2.2,0.4));
#4757=VECTOR('',#4758,1.);
#4758=DIRECTION('',(0.,0.,-1.));
#4759=CARTESIAN_POINT('',(3.35,-2.2,0.4));
#4760=CARTESIAN_POINT('',(1.65,-2.2,0.4));
#4761=VECTOR('',#4762,1.);
#4762=DIRECTION('',(1.,0.,0.));
#4763=CARTESIAN_POINT('',(3.35,-2.2,0.));
#4764=CARTESIAN_POINT('',(3.35,-2.2,0.));
#4765=VECTOR('',#4766,1.);
#4766=DIRECTION('',(0.,0.,1.));
#4767=CARTESIAN_POINT('',(4.15,-2.2,0.));
#4768=CARTESIAN_POINT('',(3.35,-2.2,0.));
#4769=VECTOR('',#4770,1.);
#4770=DIRECTION('',(1.,0.,0.));
#4771=CARTESIAN_POINT('',(4.15,-2.2,0.4));
#4772=CARTESIAN_POINT('',(4.15,-2.2,0.4));
#4773=VECTOR('',#4774,1.);
#4774=DIRECTION('',(0.,0.,-1.));
#4775=CARTESIAN_POINT('',(5.85,-2.2,0.4));
#4776=CARTESIAN_POINT('',(4.15,-2.2,0.4));
#4777=VECTOR('',#4778,1.);
#4778=DIRECTION('',(1.,0.,0.));
#4779=CARTESIAN_POINT('',(5.85,-2.2,0.));
#4780=CARTESIAN_POINT('',(5.85,-2.2,0.));
#4781=VECTOR('',#4782,1.);
#4782=DIRECTION('',(0.,0.,1.));
#4783=CARTESIAN_POINT('',(6.65,-2.2,0.));
#4784=CARTESIAN_POINT('',(5.85,-2.2,0.));
#4785=VECTOR('',#4786,1.);
#4786=DIRECTION('',(1.,0.,0.));
#4787=CARTESIAN_POINT('',(6.65,-2.2,0.4));
#4788=CARTESIAN_POINT('',(6.65,-2.2,0.4));
#4789=VECTOR('',#4790,1.);
#4790=DIRECTION('',(0.,0.,-1.));
#4791=CARTESIAN_POINT('',(8.35,-2.2,0.4));
#4792=CARTESIAN_POINT('',(6.65,-2.2,0.4));
#4793=VECTOR('',#4794,1.);
#4794=DIRECTION('',(1.,0.,0.));
#4795=CARTESIAN_POINT('',(8.35,-2.2,0.));
#4796=CARTESIAN_POINT('',(8.35,-2.2,0.));
#4797=VECTOR('',#4798,1.);
#4798=DIRECTION('',(0.,0.,1.));
#4799=CARTESIAN_POINT('',(9.15,-2.2,0.));
#4800=CARTESIAN_POINT('',(8.35,-2.2,0.));
#4801=VECTOR('',#4802,1.);
#4802=DIRECTION('',(1.,0.,0.));
#4803=CARTESIAN_POINT('',(9.15,-2.2,0.4));
#4804=CARTESIAN_POINT('',(9.15,-2.2,0.4));
#4805=VECTOR('',#4806,1.);
#4806=DIRECTION('',(0.,0.,-1.));
#4807=CARTESIAN_POINT('',(10.85,-2.2,0.4));
#4808=CARTESIAN_POINT('',(9.15,-2.2,0.4));
#4809=VECTOR('',#4810,1.);
#4810=DIRECTION('',(1.,0.,0.));
#4811=CARTESIAN_POINT('',(10.85,-2.2,0.));
#4812=CARTESIAN_POINT('',(10.85,-2.2,0.));
#4813=VECTOR('',#4814,1.);
#4814=DIRECTION('',(0.,0.,1.));
#4815=CARTESIAN_POINT('',(11.65,-2.2,0.));
#4816=CARTESIAN_POINT('',(10.85,-2.2,0.));
#4817=VECTOR('',#4818,1.);
#4818=DIRECTION('',(1.,0.,0.));
#4819=CARTESIAN_POINT('',(11.65,-2.2,0.4));
#4820=CARTESIAN_POINT('',(11.65,-2.2,0.4));
#4821=VECTOR('',#4822,1.);
#4822=DIRECTION('',(0.,0.,-1.));
#4823=CARTESIAN_POINT('',(13.35,-2.2,0.4));
#4824=CARTESIAN_POINT('',(11.65,-2.2,0.4));
#4825=VECTOR('',#4826,1.);
#4826=DIRECTION('',(1.,0.,0.));
#4827=CARTESIAN_POINT('',(13.35,-2.2,0.));
#4828=CARTESIAN_POINT('',(13.35,-2.2,0.));
#4829=VECTOR('',#4830,1.);
#4830=DIRECTION('',(0.,0.,1.));
#4831=CARTESIAN_POINT('',(15.,-2.2,0.));
#4832=CARTESIAN_POINT('',(13.35,-2.2,0.));
#4833=VECTOR('',#4834,1.);
#4834=DIRECTION('',(1.,0.,0.));
#4835=CARTESIAN_POINT('',(15.,-2.2,0.));
#4836=VECTOR('',#4837,1.);
#4837=DIRECTION('',(0.,0.,1.));
#4838=CARTESIAN_POINT('',(13.35,-2.2,6.6));
#4839=CARTESIAN_POINT('',(13.35,-2.2,6.6));
#4840=VECTOR('',#4841,1.);
#4841=DIRECTION('',(0.707106781186547,0.,0.707106781186547));
#4842=CARTESIAN_POINT('',(13.75,-2.2,6.2));
#4843=CARTESIAN_POINT('',(13.75,-2.2,6.2));
#4844=VECTOR('',#4845,1.);
#4845=DIRECTION('',(-0.707106781186547,0.,0.707106781186547));
#4846=CARTESIAN_POINT('',(13.75,-2.2,3.6));
#4847=CARTESIAN_POINT('',(13.75,-2.2,3.6));
#4848=VECTOR('',#4849,1.);
#4849=DIRECTION('',(0.,0.,1.));
#4850=CARTESIAN_POINT('',(13.15,-2.2,3.));
#4851=AXIS2_PLACEMENT_3D('',#4852,#4853,#4854);
#4852=CARTESIAN_POINT('',(13.15,-2.2,3.6));
#4853=DIRECTION('',(0.,-1.,0.));
#4854=DIRECTION('',(0.,0.,-1.));
#4855=CARTESIAN_POINT('',(11.25,-2.2,3.));
#4856=VECTOR('',#4857,1.);
#4857=DIRECTION('',(1.,0.,0.));
#4858=CARTESIAN_POINT('',(13.35,-1.5,6.6));
#4859=VECTOR('',#4860,1.);
#4860=DIRECTION('',(0.,-1.,0.));
#4861=CARTESIAN_POINT('',(13.75,-1.5,6.2));
#4862=VECTOR('',#4863,1.);
#4863=DIRECTION('',(0.,-1.,0.));
#4864=CARTESIAN_POINT('',(13.75,-1.5,3.6));
#4865=VECTOR('',#4866,1.);
#4866=DIRECTION('',(0.,-1.,0.));
#4867=CARTESIAN_POINT('',(13.15,-1.5,3.));
#4868=VECTOR('',#4869,1.);
#4869=DIRECTION('',(0.,-1.,0.));
#4870=CARTESIAN_POINT('',(11.25,-1.5,3.));
#4871=VECTOR('',#4872,1.);
#4872=DIRECTION('',(0.,-1.,0.));
#4873=CARTESIAN_POINT('',(15.,-0.4,7.));
#4874=CARTESIAN_POINT('',(15.,-0.4,3.));
#4875=CARTESIAN_POINT('',(15.,-0.4,7.));
#4876=VECTOR('',#4877,1.);
#4877=DIRECTION('',(0.,0.,-1.));
#4878=CARTESIAN_POINT('',(15.,-0.4,3.));
#4879=VECTOR('',#4880,1.);
#4880=DIRECTION('',(0.,-1.,0.));
#4881=CARTESIAN_POINT('',(15.,3.55,0.));
#4882=CARTESIAN_POINT('',(15.,3.55,0.));
#4883=VECTOR('',#4884,1.);
#4884=DIRECTION('',(0.,-1.,0.));
#4885=CARTESIAN_POINT('',(15.,3.55,7.));
#4886=CARTESIAN_POINT('',(15.,3.55,7.));
#4887=VECTOR('',#4888,1.);
#4888=DIRECTION('',(0.,0.,-1.));
#4889=CARTESIAN_POINT('',(15.,-0.4,7.));
#4890=VECTOR('',#4891,1.);
#4891=DIRECTION('',(0.,1.,0.));
#4892=CARTESIAN_POINT('',(14.3,-0.4,3.));
#4893=CARTESIAN_POINT('',(14.3,-0.4,3.));
#4894=VECTOR('',#4895,1.);
#4895=DIRECTION('',(0.,-1.,0.));
#4896=CARTESIAN_POINT('',(15.,-0.4,3.));
#4897=VECTOR('',#4898,1.);
#4898=DIRECTION('',(-1.,0.,0.));
#4899=CARTESIAN_POINT('',(14.3,2.85,6.7));
#4900=CARTESIAN_POINT('',(14.3,-0.4,6.7));
#4901=CARTESIAN_POINT('',(14.3,2.85,6.7));
#4902=VECTOR('',#4903,1.);
#4903=DIRECTION('',(0.,-1.,0.));
#4904=CARTESIAN_POINT('',(14.3,2.85,2.));
#4905=CARTESIAN_POINT('',(14.3,2.85,6.7));
#4906=VECTOR('',#4907,1.);
#4907=DIRECTION('',(0.,0.,-1.));
#4908=CARTESIAN_POINT('',(14.3,2.85,2.));
#4909=VECTOR('',#4910,1.);
#4910=DIRECTION('',(0.,-1.,0.));
#4911=CARTESIAN_POINT('',(14.3,-0.4,6.7));
#4912=VECTOR('',#4913,1.);
#4913=DIRECTION('',(0.,0.,-1.));
#4914=CARTESIAN_POINT('',(-1.8,2.85,2.));
#4915=CARTESIAN_POINT('',(14.3,2.85,2.));
#4916=VECTOR('',#4917,1.);
#4917=DIRECTION('',(-1.,0.,0.));
#4918=CARTESIAN_POINT('',(-1.8,2.85,2.));
#4919=VECTOR('',#4920,1.);
#4920=DIRECTION('',(0.,-1.,0.));
#4921=CARTESIAN_POINT('',(2.82,0.32,2.));
#4922=CARTESIAN_POINT('',(2.18,0.32,2.));
#4923=CARTESIAN_POINT('',(2.82,0.32,2.));
#4924=VECTOR('',#4925,1.);
#4925=DIRECTION('',(-1.,0.,0.));
#4926=CARTESIAN_POINT('',(2.82,-0.32,2.));
#4927=CARTESIAN_POINT('',(2.82,-0.32,2.));
#4928=VECTOR('',#4929,1.);
#4929=DIRECTION('',(0.,1.,0.));
#4930=CARTESIAN_POINT('',(2.18,-0.32,2.));
#4931=CARTESIAN_POINT('',(2.18,-0.32,2.));
#4932=VECTOR('',#4933,1.);
#4933=DIRECTION('',(1.,0.,0.));
#4934=CARTESIAN_POINT('',(2.18,0.32,2.));
#4935=VECTOR('',#4936,1.);
#4936=DIRECTION('',(0.,-1.,0.));
#4937=CARTESIAN_POINT('',(5.32,0.32,2.));
#4938=CARTESIAN_POINT('',(4.68,0.32,2.));
#4939=CARTESIAN_POINT('',(5.32,0.32,2.));
#4940=VECTOR('',#4941,1.);
#4941=DIRECTION('',(-1.,0.,0.));
#4942=CARTESIAN_POINT('',(5.32,-0.32,2.));
#4943=CARTESIAN_POINT('',(5.32,-0.32,2.));
#4944=VECTOR('',#4945,1.);
#4945=DIRECTION('',(0.,1.,0.));
#4946=CARTESIAN_POINT('',(4.68,-0.32,2.));
#4947=CARTESIAN_POINT('',(4.68,-0.32,2.));
#4948=VECTOR('',#4949,1.);
#4949=DIRECTION('',(1.,0.,0.));
#4950=CARTESIAN_POINT('',(4.68,0.32,2.));
#4951=VECTOR('',#4952,1.);
#4952=DIRECTION('',(0.,-1.,0.));
#4953=CARTESIAN_POINT('',(7.82,0.32,2.));
#4954=CARTESIAN_POINT('',(7.18,0.32,2.));
#4955=CARTESIAN_POINT('',(7.82,0.32,2.));
#4956=VECTOR('',#4957,1.);
#4957=DIRECTION('',(-1.,0.,0.));
#4958=CARTESIAN_POINT('',(7.82,-0.32,2.));
#4959=CARTESIAN_POINT('',(7.82,-0.32,2.));
#4960=VECTOR('',#4961,1.);
#4961=DIRECTION('',(0.,1.,0.));
#4962=CARTESIAN_POINT('',(7.18,-0.32,2.));
#4963=CARTESIAN_POINT('',(7.18,-0.32,2.));
#4964=VECTOR('',#4965,1.);
#4965=DIRECTION('',(1.,0.,0.));
#4966=CARTESIAN_POINT('',(7.18,0.32,2.));
#4967=VECTOR('',#4968,1.);
#4968=DIRECTION('',(0.,-1.,0.));
#4969=CARTESIAN_POINT('',(10.32,0.32,2.));
#4970=CARTESIAN_POINT('',(9.68,0.32,2.));
#4971=CARTESIAN_POINT('',(10.32,0.32,2.));
#4972=VECTOR('',#4973,1.);
#4973=DIRECTION('',(-1.,0.,0.));
#4974=CARTESIAN_POINT('',(10.32,-0.32,2.));
#4975=CARTESIAN_POINT('',(10.32,-0.32,2.));
#4976=VECTOR('',#4977,1.);
#4977=DIRECTION('',(0.,1.,0.));
#4978=CARTESIAN_POINT('',(9.68,-0.32,2.));
#4979=CARTESIAN_POINT('',(9.68,-0.32,2.));
#4980=VECTOR('',#4981,1.);
#4981=DIRECTION('',(1.,0.,0.));
#4982=CARTESIAN_POINT('',(9.68,0.32,2.));
#4983=VECTOR('',#4984,1.);
#4984=DIRECTION('',(0.,-1.,0.));
#4985=CARTESIAN_POINT('',(12.82,0.32,2.));
#4986=CARTESIAN_POINT('',(12.18,0.32,2.));
#4987=CARTESIAN_POINT('',(12.82,0.32,2.));
#4988=VECTOR('',#4989,1.);
#4989=DIRECTION('',(-1.,0.,0.));
#4990=CARTESIAN_POINT('',(12.82,-0.32,2.));
#4991=CARTESIAN_POINT('',(12.82,-0.32,2.));
#4992=VECTOR('',#4993,1.);
#4993=DIRECTION('',(0.,1.,0.));
#4994=CARTESIAN_POINT('',(12.18,-0.32,2.));
#4995=CARTESIAN_POINT('',(12.18,-0.32,2.));
#4996=VECTOR('',#4997,1.);
#4997=DIRECTION('',(1.,0.,0.));
#4998=CARTESIAN_POINT('',(12.18,0.32,2.));
#4999=VECTOR('',#5000,1.);
#5000=DIRECTION('',(0.,-1.,0.));
#5001=CARTESIAN_POINT('',(0.32,0.32,2.));
#5002=CARTESIAN_POINT('',(-0.32,0.32,2.));
#5003=CARTESIAN_POINT('',(0.32,0.32,2.));
#5004=VECTOR('',#5005,1.);
#5005=DIRECTION('',(-1.,0.,0.));
#5006=CARTESIAN_POINT('',(0.32,-0.32,2.));
#5007=CARTESIAN_POINT('',(0.32,-0.32,2.));
#5008=VECTOR('',#5009,1.);
#5009=DIRECTION('',(0.,1.,0.));
#5010=CARTESIAN_POINT('',(-0.32,-0.32,2.));
#5011=CARTESIAN_POINT('',(-0.32,-0.32,2.));
#5012=VECTOR('',#5013,1.);
#5013=DIRECTION('',(1.,0.,0.));
#5014=CARTESIAN_POINT('',(-0.32,0.32,2.));
#5015=VECTOR('',#5016,1.);
#5016=DIRECTION('',(0.,-1.,0.));
#5017=CARTESIAN_POINT('',(-1.8,-0.4,6.7));
#5018=CARTESIAN_POINT('',(-1.8,2.85,6.7));
#5019=CARTESIAN_POINT('',(-1.8,2.85,6.7));
#5020=VECTOR('',#5021,1.);
#5021=DIRECTION('',(0.,-1.,0.));
#5022=CARTESIAN_POINT('',(-1.8,-0.4,3.));
#5023=CARTESIAN_POINT('',(-1.8,-0.4,6.7));
#5024=VECTOR('',#5025,1.);
#5025=DIRECTION('',(0.,0.,-1.));
#5026=CARTESIAN_POINT('',(-1.8,-0.4,3.));
#5027=VECTOR('',#5028,1.);
#5028=DIRECTION('',(0.,-1.,0.));
#5029=CARTESIAN_POINT('',(-1.8,2.85,6.7));
#5030=VECTOR('',#5031,1.);
#5031=DIRECTION('',(9.44870659255452E-017,0.,-1.));
#5032=CARTESIAN_POINT('',(-2.5,-0.4,3.));
#5033=CARTESIAN_POINT('',(-1.8,-0.4,3.));
#5034=VECTOR('',#5035,1.);
#5035=DIRECTION('',(-1.,0.,0.));
#5036=CARTESIAN_POINT('',(-2.5,-0.4,3.));
#5037=VECTOR('',#5038,1.);
#5038=DIRECTION('',(0.,-1.,0.));
#5039=CARTESIAN_POINT('',(-2.5,-0.4,7.));
#5040=CARTESIAN_POINT('',(-2.5,-0.4,7.));
#5041=VECTOR('',#5042,1.);
#5042=DIRECTION('',(0.,0.,-1.));
#5043=CARTESIAN_POINT('',(-2.5,3.55,7.));
#5044=CARTESIAN_POINT('',(-2.5,-0.4,7.));
#5045=VECTOR('',#5046,1.);
#5046=DIRECTION('',(0.,1.,0.));
#5047=CARTESIAN_POINT('',(-2.5,3.55,0.));
#5048=CARTESIAN_POINT('',(-2.5,3.55,7.));
#5049=VECTOR('',#5050,1.);
#5050=DIRECTION('',(0.,0.,-1.));
#5051=CARTESIAN_POINT('',(-2.5,3.55,0.));
#5052=VECTOR('',#5053,1.);
#5053=DIRECTION('',(0.,-1.,0.));
#5054=CARTESIAN_POINT('',(-2.5,-2.2,7.));
#5055=VECTOR('',#5056,1.);
#5056=DIRECTION('',(0.,1.,0.));
#5057=CARTESIAN_POINT('',(-1.25,-1.5,7.));
#5058=VECTOR('',#5059,1.);
#5059=DIRECTION('',(0.,-1.,0.));
#5060=CARTESIAN_POINT('',(-0.85,-1.5,6.6));
#5061=VECTOR('',#5062,1.);
#5062=DIRECTION('',(0.,-1.,0.));
#5063=CARTESIAN_POINT('',(-1.25,-1.5,6.2));
#5064=VECTOR('',#5065,1.);
#5065=DIRECTION('',(0.,-1.,0.));
#5066=CARTESIAN_POINT('',(-1.25,-1.5,3.6));
#5067=VECTOR('',#5068,1.);
#5068=DIRECTION('',(0.,-1.,0.));
#5069=CARTESIAN_POINT('',(-0.65,-1.5,3.));
#5070=VECTOR('',#5071,1.);
#5071=DIRECTION('',(0.,-1.,0.));
#5072=CARTESIAN_POINT('',(1.25,-1.5,3.));
#5073=VECTOR('',#5074,1.);
#5074=DIRECTION('',(0.,-1.,0.));
#5075=CARTESIAN_POINT('',(-0.85,3.55,0.));
#5076=CARTESIAN_POINT('',(-0.85,3.55,0.));
#5077=VECTOR('',#5078,1.);
#5078=DIRECTION('',(0.,-1.,0.));
#5079=CARTESIAN_POINT('',(-0.85,3.55,0.));
#5080=VECTOR('',#5081,1.);
#5081=DIRECTION('',(-1.,0.,0.));
#5082=CARTESIAN_POINT('',(-0.85,3.55,0.4));
#5083=CARTESIAN_POINT('',(-0.85,3.55,0.));
#5084=VECTOR('',#5085,1.);
#5085=DIRECTION('',(0.,0.,1.));
#5086=CARTESIAN_POINT('',(-0.85,-2.2,0.4));
#5087=VECTOR('',#5088,1.);
#5088=DIRECTION('',(0.,1.,0.));
#5089=CARTESIAN_POINT('',(0.85,3.55,0.4));
#5090=CARTESIAN_POINT('',(0.85,3.55,0.4));
#5091=VECTOR('',#5092,1.);
#5092=DIRECTION('',(-1.,0.,0.));
#5093=CARTESIAN_POINT('',(0.85,3.55,0.4));
#5094=VECTOR('',#5095,1.);
#5095=DIRECTION('',(0.,-1.,0.));
#5096=CARTESIAN_POINT('',(-0.32,0.32,0.4));
#5097=CARTESIAN_POINT('',(0.32,0.32,0.4));
#5098=CARTESIAN_POINT('',(-0.32,0.32,0.4));
#5099=VECTOR('',#5100,1.);
#5100=DIRECTION('',(1.,0.,0.));
#5101=CARTESIAN_POINT('',(-0.32,-0.32,0.4));
#5102=CARTESIAN_POINT('',(-0.32,-0.32,0.4));
#5103=VECTOR('',#5104,1.);
#5104=DIRECTION('',(0.,1.,0.));
#5105=CARTESIAN_POINT('',(0.32,-0.32,0.4));
#5106=CARTESIAN_POINT('',(0.32,-0.32,0.4));
#5107=VECTOR('',#5108,1.);
#5108=DIRECTION('',(-1.,0.,0.));
#5109=CARTESIAN_POINT('',(0.32,0.32,0.4));
#5110=VECTOR('',#5111,1.);
#5111=DIRECTION('',(0.,-1.,0.));
#5112=CARTESIAN_POINT('',(0.85,3.55,0.));
#5113=CARTESIAN_POINT('',(0.85,3.55,0.4));
#5114=VECTOR('',#5115,1.);
#5115=DIRECTION('',(0.,0.,-1.));
#5116=CARTESIAN_POINT('',(0.85,-2.2,0.));
#5117=VECTOR('',#5118,1.);
#5118=DIRECTION('',(0.,1.,0.));
#5119=CARTESIAN_POINT('',(1.65,3.55,0.));
#5120=CARTESIAN_POINT('',(1.65,3.55,0.));
#5121=VECTOR('',#5122,1.);
#5122=DIRECTION('',(0.,-1.,0.));
#5123=CARTESIAN_POINT('',(1.65,3.55,0.));
#5124=VECTOR('',#5125,1.);
#5125=DIRECTION('',(-1.,0.,0.));
#5126=CARTESIAN_POINT('',(1.65,3.55,0.4));
#5127=CARTESIAN_POINT('',(1.65,3.55,0.));
#5128=VECTOR('',#5129,1.);
#5129=DIRECTION('',(0.,0.,1.));
#5130=CARTESIAN_POINT('',(1.65,-2.2,0.4));
#5131=VECTOR('',#5132,1.);
#5132=DIRECTION('',(0.,1.,0.));
#5133=CARTESIAN_POINT('',(3.35,3.55,0.4));
#5134=CARTESIAN_POINT('',(3.35,3.55,0.4));
#5135=VECTOR('',#5136,1.);
#5136=DIRECTION('',(-1.,0.,0.));
#5137=CARTESIAN_POINT('',(3.35,3.55,0.4));
#5138=VECTOR('',#5139,1.);
#5139=DIRECTION('',(0.,-1.,0.));
#5140=CARTESIAN_POINT('',(2.18,0.32,0.4));
#5141=CARTESIAN_POINT('',(2.82,0.32,0.4));
#5142=CARTESIAN_POINT('',(2.18,0.32,0.4));
#5143=VECTOR('',#5144,1.);
#5144=DIRECTION('',(1.,0.,0.));
#5145=CARTESIAN_POINT('',(2.18,-0.32,0.4));
#5146=CARTESIAN_POINT('',(2.18,-0.32,0.4));
#5147=VECTOR('',#5148,1.);
#5148=DIRECTION('',(0.,1.,0.));
#5149=CARTESIAN_POINT('',(2.82,-0.32,0.4));
#5150=CARTESIAN_POINT('',(2.82,-0.32,0.4));
#5151=VECTOR('',#5152,1.);
#5152=DIRECTION('',(-1.,0.,0.));
#5153=CARTESIAN_POINT('',(2.82,0.32,0.4));
#5154=VECTOR('',#5155,1.);
#5155=DIRECTION('',(0.,-1.,0.));
#5156=CARTESIAN_POINT('',(3.35,3.55,0.));
#5157=CARTESIAN_POINT('',(3.35,-2.2,0.));
#5158=VECTOR('',#5159,1.);
#5159=DIRECTION('',(0.,1.,0.));
#5160=CARTESIAN_POINT('',(3.35,3.55,0.4));
#5161=VECTOR('',#5162,1.);
#5162=DIRECTION('',(0.,0.,-1.));
#5163=CARTESIAN_POINT('',(4.15,3.55,0.));
#5164=CARTESIAN_POINT('',(4.15,3.55,0.));
#5165=VECTOR('',#5166,1.);
#5166=DIRECTION('',(-1.,0.,0.));
#5167=CARTESIAN_POINT('',(4.15,3.55,0.));
#5168=VECTOR('',#5169,1.);
#5169=DIRECTION('',(0.,-1.,0.));
#5170=CARTESIAN_POINT('',(4.15,3.55,0.4));
#5171=CARTESIAN_POINT('',(4.15,3.55,0.));
#5172=VECTOR('',#5173,1.);
#5173=DIRECTION('',(0.,0.,1.));
#5174=CARTESIAN_POINT('',(4.15,-2.2,0.4));
#5175=VECTOR('',#5176,1.);
#5176=DIRECTION('',(0.,1.,0.));
#5177=CARTESIAN_POINT('',(5.85,3.55,0.4));
#5178=CARTESIAN_POINT('',(5.85,3.55,0.4));
#5179=VECTOR('',#5180,1.);
#5180=DIRECTION('',(-1.,0.,0.));
#5181=CARTESIAN_POINT('',(5.85,3.55,0.4));
#5182=VECTOR('',#5183,1.);
#5183=DIRECTION('',(0.,-1.,0.));
#5184=CARTESIAN_POINT('',(4.68,0.32,0.4));
#5185=CARTESIAN_POINT('',(5.32,0.32,0.4));
#5186=CARTESIAN_POINT('',(4.68,0.32,0.4));
#5187=VECTOR('',#5188,1.);
#5188=DIRECTION('',(1.,0.,0.));
#5189=CARTESIAN_POINT('',(4.68,-0.32,0.4));
#5190=CARTESIAN_POINT('',(4.68,-0.32,0.4));
#5191=VECTOR('',#5192,1.);
#5192=DIRECTION('',(0.,1.,0.));
#5193=CARTESIAN_POINT('',(5.32,-0.32,0.4));
#5194=CARTESIAN_POINT('',(5.32,-0.32,0.4));
#5195=VECTOR('',#5196,1.);
#5196=DIRECTION('',(-1.,0.,0.));
#5197=CARTESIAN_POINT('',(5.32,0.32,0.4));
#5198=VECTOR('',#5199,1.);
#5199=DIRECTION('',(0.,-1.,0.));
#5200=CARTESIAN_POINT('',(5.85,3.55,0.));
#5201=CARTESIAN_POINT('',(5.85,-2.2,0.));
#5202=VECTOR('',#5203,1.);
#5203=DIRECTION('',(0.,1.,0.));
#5204=CARTESIAN_POINT('',(5.85,3.55,0.4));
#5205=VECTOR('',#5206,1.);
#5206=DIRECTION('',(0.,0.,-1.));
#5207=CARTESIAN_POINT('',(6.65,3.55,0.));
#5208=CARTESIAN_POINT('',(6.65,3.55,0.));
#5209=VECTOR('',#5210,1.);
#5210=DIRECTION('',(-1.,0.,0.));
#5211=CARTESIAN_POINT('',(6.65,3.55,0.));
#5212=VECTOR('',#5213,1.);
#5213=DIRECTION('',(0.,-1.,0.));
#5214=CARTESIAN_POINT('',(6.65,3.55,0.4));
#5215=CARTESIAN_POINT('',(6.65,3.55,0.));
#5216=VECTOR('',#5217,1.);
#5217=DIRECTION('',(0.,0.,1.));
#5218=CARTESIAN_POINT('',(6.65,-2.2,0.4));
#5219=VECTOR('',#5220,1.);
#5220=DIRECTION('',(0.,1.,0.));
#5221=CARTESIAN_POINT('',(8.35,3.55,0.4));
#5222=CARTESIAN_POINT('',(8.35,3.55,0.4));
#5223=VECTOR('',#5224,1.);
#5224=DIRECTION('',(-1.,0.,0.));
#5225=CARTESIAN_POINT('',(8.35,3.55,0.4));
#5226=VECTOR('',#5227,1.);
#5227=DIRECTION('',(0.,-1.,0.));
#5228=CARTESIAN_POINT('',(7.18,0.32,0.4));
#5229=CARTESIAN_POINT('',(7.82,0.32,0.4));
#5230=CARTESIAN_POINT('',(7.18,0.32,0.4));
#5231=VECTOR('',#5232,1.);
#5232=DIRECTION('',(1.,0.,0.));
#5233=CARTESIAN_POINT('',(7.18,-0.32,0.4));
#5234=CARTESIAN_POINT('',(7.18,-0.32,0.4));
#5235=VECTOR('',#5236,1.);
#5236=DIRECTION('',(0.,1.,0.));
#5237=CARTESIAN_POINT('',(7.82,-0.32,0.4));
#5238=CARTESIAN_POINT('',(7.82,-0.32,0.4));
#5239=VECTOR('',#5240,1.);
#5240=DIRECTION('',(-1.,0.,0.));
#5241=CARTESIAN_POINT('',(7.82,0.32,0.4));
#5242=VECTOR('',#5243,1.);
#5243=DIRECTION('',(0.,-1.,0.));
#5244=CARTESIAN_POINT('',(8.35,3.55,0.));
#5245=CARTESIAN_POINT('',(8.35,-2.2,0.));
#5246=VECTOR('',#5247,1.);
#5247=DIRECTION('',(0.,1.,0.));
#5248=CARTESIAN_POINT('',(8.35,3.55,0.4));
#5249=VECTOR('',#5250,1.);
#5250=DIRECTION('',(0.,0.,-1.));
#5251=CARTESIAN_POINT('',(9.15,3.55,0.));
#5252=CARTESIAN_POINT('',(9.15,3.55,0.));
#5253=VECTOR('',#5254,1.);
#5254=DIRECTION('',(-1.,0.,0.));
#5255=CARTESIAN_POINT('',(9.15,3.55,0.));
#5256=VECTOR('',#5257,1.);
#5257=DIRECTION('',(0.,-1.,0.));
#5258=CARTESIAN_POINT('',(9.15,3.55,0.4));
#5259=CARTESIAN_POINT('',(9.15,3.55,0.));
#5260=VECTOR('',#5261,1.);
#5261=DIRECTION('',(0.,0.,1.));
#5262=CARTESIAN_POINT('',(9.15,-2.2,0.4));
#5263=VECTOR('',#5264,1.);
#5264=DIRECTION('',(0.,1.,0.));
#5265=CARTESIAN_POINT('',(10.85,3.55,0.4));
#5266=CARTESIAN_POINT('',(10.85,3.55,0.4));
#5267=VECTOR('',#5268,1.);
#5268=DIRECTION('',(-1.,0.,0.));
#5269=CARTESIAN_POINT('',(10.85,3.55,0.4));
#5270=VECTOR('',#5271,1.);
#5271=DIRECTION('',(0.,-1.,0.));
#5272=CARTESIAN_POINT('',(9.68,0.32,0.4));
#5273=CARTESIAN_POINT('',(10.32,0.32,0.4));
#5274=CARTESIAN_POINT('',(9.68,0.32,0.4));
#5275=VECTOR('',#5276,1.);
#5276=DIRECTION('',(1.,0.,0.));
#5277=CARTESIAN_POINT('',(9.68,-0.32,0.4));
#5278=CARTESIAN_POINT('',(9.68,-0.32,0.4));
#5279=VECTOR('',#5280,1.);
#5280=DIRECTION('',(0.,1.,0.));
#5281=CARTESIAN_POINT('',(10.32,-0.32,0.4));
#5282=CARTESIAN_POINT('',(10.32,-0.32,0.4));
#5283=VECTOR('',#5284,1.);
#5284=DIRECTION('',(-1.,0.,0.));
#5285=CARTESIAN_POINT('',(10.32,0.32,0.4));
#5286=VECTOR('',#5287,1.);
#5287=DIRECTION('',(0.,-1.,0.));
#5288=CARTESIAN_POINT('',(10.85,3.55,0.));
#5289=CARTESIAN_POINT('',(10.85,-2.2,0.));
#5290=VECTOR('',#5291,1.);
#5291=DIRECTION('',(0.,1.,0.));
#5292=CARTESIAN_POINT('',(10.85,3.55,0.4));
#5293=VECTOR('',#5294,1.);
#5294=DIRECTION('',(0.,0.,-1.));
#5295=CARTESIAN_POINT('',(11.65,3.55,0.));
#5296=CARTESIAN_POINT('',(11.65,3.55,0.));
#5297=VECTOR('',#5298,1.);
#5298=DIRECTION('',(-1.,0.,0.));
#5299=CARTESIAN_POINT('',(11.65,3.55,0.));
#5300=VECTOR('',#5301,1.);
#5301=DIRECTION('',(0.,-1.,0.));
#5302=CARTESIAN_POINT('',(11.65,3.55,0.4));
#5303=CARTESIAN_POINT('',(11.65,3.55,0.));
#5304=VECTOR('',#5305,1.);
#5305=DIRECTION('',(0.,0.,1.));
#5306=CARTESIAN_POINT('',(11.65,-2.2,0.4));
#5307=VECTOR('',#5308,1.);
#5308=DIRECTION('',(0.,1.,0.));
#5309=CARTESIAN_POINT('',(13.35,3.55,0.4));
#5310=CARTESIAN_POINT('',(13.35,3.55,0.4));
#5311=VECTOR('',#5312,1.);
#5312=DIRECTION('',(-1.,0.,0.));
#5313=CARTESIAN_POINT('',(13.35,3.55,0.4));
#5314=VECTOR('',#5315,1.);
#5315=DIRECTION('',(0.,-1.,0.));
#5316=CARTESIAN_POINT('',(12.18,0.32,0.4));
#5317=CARTESIAN_POINT('',(12.82,0.32,0.4));
#5318=CARTESIAN_POINT('',(12.18,0.32,0.4));
#5319=VECTOR('',#5320,1.);
#5320=DIRECTION('',(1.,0.,0.));
#5321=CARTESIAN_POINT('',(12.18,-0.32,0.4));
#5322=CARTESIAN_POINT('',(12.18,-0.32,0.4));
#5323=VECTOR('',#5324,1.);
#5324=DIRECTION('',(0.,1.,0.));
#5325=CARTESIAN_POINT('',(12.82,-0.32,0.4));
#5326=CARTESIAN_POINT('',(12.82,-0.32,0.4));
#5327=VECTOR('',#5328,1.);
#5328=DIRECTION('',(-1.,0.,0.));
#5329=CARTESIAN_POINT('',(12.82,0.32,0.4));
#5330=VECTOR('',#5331,1.);
#5331=DIRECTION('',(0.,-1.,0.));
#5332=CARTESIAN_POINT('',(13.35,3.55,0.));
#5333=CARTESIAN_POINT('',(13.35,-2.2,0.));
#5334=VECTOR('',#5335,1.);
#5335=DIRECTION('',(0.,1.,0.));
#5336=CARTESIAN_POINT('',(13.35,3.55,0.4));
#5337=VECTOR('',#5338,1.);
#5338=DIRECTION('',(0.,0.,-1.));
#5339=CARTESIAN_POINT('',(13.35,3.55,0.));
#5340=VECTOR('',#5341,1.);
#5341=DIRECTION('',(1.,0.,0.));
#5342=CARTESIAN_POINT('',(14.6,-0.4,7.));
#5343=CARTESIAN_POINT('',(14.6,-0.4,7.));
#5344=VECTOR('',#5345,1.);
#5345=DIRECTION('',(-0.707106781186546,0.,-0.707106781186548));
#5346=CARTESIAN_POINT('',(15.,-0.4,7.));
#5347=VECTOR('',#5348,1.);
#5348=DIRECTION('',(-1.,0.,0.));
#5349=CARTESIAN_POINT('',(15.,3.55,7.));
#5350=VECTOR('',#5351,1.);
#5351=DIRECTION('',(-1.,0.,0.));
#5352=CARTESIAN_POINT('',(-2.1,-0.4,7.));
#5353=CARTESIAN_POINT('',(-2.1,3.15,7.));
#5354=CARTESIAN_POINT('',(-2.1,3.15,7.));
#5355=VECTOR('',#5356,1.);
#5356=DIRECTION('',(1.2509555207044E-016,-1.,0.));
#5357=CARTESIAN_POINT('',(14.6,3.15,7.));
#5358=CARTESIAN_POINT('',(14.6,3.15,7.));
#5359=VECTOR('',#5360,1.);
#5360=DIRECTION('',(-1.,2.65921682544948E-017,0.));
#5361=CARTESIAN_POINT('',(14.6,3.15,7.));
#5362=VECTOR('',#5363,1.);
#5363=DIRECTION('',(-5.00382208281761E-016,-1.,0.));
#5364=CARTESIAN_POINT('',(-2.1,-0.4,7.));
#5365=VECTOR('',#5366,1.);
#5366=DIRECTION('',(-1.,0.,0.));
#5367=CARTESIAN_POINT('',(14.6,3.15,7.));
#5368=VECTOR('',#5369,1.);
#5369=DIRECTION('',(-0.577350269189627,-0.577350269189624,-0.577350269189627));
#5370=CARTESIAN_POINT('',(14.3,2.85,6.7));
#5371=VECTOR('',#5372,1.);
#5372=DIRECTION('',(-1.,0.,0.));
#5373=CARTESIAN_POINT('',(2.82,0.32,6.12679491924311));
#5374=CARTESIAN_POINT('',(2.18,0.32,6.12679491924311));
#5375=CARTESIAN_POINT('',(2.82,0.32,6.12679491924311));
#5376=VECTOR('',#5377,1.);
#5377=DIRECTION('',(-1.,0.,0.));
#5378=CARTESIAN_POINT('',(2.82,0.32,2.));
#5379=VECTOR('',#5380,1.);
#5380=DIRECTION('',(0.,0.,1.));
#5381=CARTESIAN_POINT('',(2.18,0.32,2.));
#5382=VECTOR('',#5383,1.);
#5383=DIRECTION('',(0.,0.,1.));
#5384=CARTESIAN_POINT('',(2.82,-0.32,6.12679491924311));
#5385=CARTESIAN_POINT('',(2.82,-0.32,6.12679491924311));
#5386=VECTOR('',#5387,1.);
#5387=DIRECTION('',(0.,1.,0.));
#5388=CARTESIAN_POINT('',(2.82,-0.32,2.));
#5389=VECTOR('',#5390,1.);
#5390=DIRECTION('',(0.,0.,1.));
#5391=CARTESIAN_POINT('',(2.18,-0.32,6.12679491924311));
#5392=CARTESIAN_POINT('',(2.18,-0.32,6.12679491924311));
#5393=VECTOR('',#5394,1.);
#5394=DIRECTION('',(1.,0.,0.));
#5395=CARTESIAN_POINT('',(2.18,-0.32,2.));
#5396=VECTOR('',#5397,1.);
#5397=DIRECTION('',(0.,0.,1.));
#5398=CARTESIAN_POINT('',(2.18,0.32,6.12679491924311));
#5399=VECTOR('',#5400,1.);
#5400=DIRECTION('',(0.,-1.,0.));
#5401=CARTESIAN_POINT('',(5.32,0.32,6.12679491924311));
#5402=CARTESIAN_POINT('',(4.68,0.32,6.12679491924311));
#5403=CARTESIAN_POINT('',(5.32,0.32,6.12679491924311));
#5404=VECTOR('',#5405,1.);
#5405=DIRECTION('',(-1.,0.,0.));
#5406=CARTESIAN_POINT('',(5.32,0.32,2.));
#5407=VECTOR('',#5408,1.);
#5408=DIRECTION('',(0.,0.,1.));
#5409=CARTESIAN_POINT('',(4.68,0.32,2.));
#5410=VECTOR('',#5411,1.);
#5411=DIRECTION('',(0.,0.,1.));
#5412=CARTESIAN_POINT('',(5.32,-0.32,6.12679491924311));
#5413=CARTESIAN_POINT('',(5.32,-0.32,6.12679491924311));
#5414=VECTOR('',#5415,1.);
#5415=DIRECTION('',(0.,1.,0.));
#5416=CARTESIAN_POINT('',(5.32,-0.32,2.));
#5417=VECTOR('',#5418,1.);
#5418=DIRECTION('',(0.,0.,1.));
#5419=CARTESIAN_POINT('',(4.68,-0.32,6.12679491924311));
#5420=CARTESIAN_POINT('',(4.68,-0.32,6.12679491924311));
#5421=VECTOR('',#5422,1.);
#5422=DIRECTION('',(1.,0.,0.));
#5423=CARTESIAN_POINT('',(4.68,-0.32,2.));
#5424=VECTOR('',#5425,1.);
#5425=DIRECTION('',(0.,0.,1.));
#5426=CARTESIAN_POINT('',(4.68,0.32,6.12679491924311));
#5427=VECTOR('',#5428,1.);
#5428=DIRECTION('',(0.,-1.,0.));
#5429=CARTESIAN_POINT('',(7.82,0.32,6.12679491924311));
#5430=CARTESIAN_POINT('',(7.18,0.32,6.12679491924311));
#5431=CARTESIAN_POINT('',(7.82,0.32,6.12679491924311));
#5432=VECTOR('',#5433,1.);
#5433=DIRECTION('',(-1.,0.,0.));
#5434=CARTESIAN_POINT('',(7.82,0.32,2.));
#5435=VECTOR('',#5436,1.);
#5436=DIRECTION('',(0.,0.,1.));
#5437=CARTESIAN_POINT('',(7.18,0.32,2.));
#5438=VECTOR('',#5439,1.);
#5439=DIRECTION('',(0.,0.,1.));
#5440=CARTESIAN_POINT('',(7.82,-0.32,6.12679491924311));
#5441=CARTESIAN_POINT('',(7.82,-0.32,6.12679491924311));
#5442=VECTOR('',#5443,1.);
#5443=DIRECTION('',(0.,1.,0.));
#5444=CARTESIAN_POINT('',(7.82,-0.32,2.));
#5445=VECTOR('',#5446,1.);
#5446=DIRECTION('',(0.,0.,1.));
#5447=CARTESIAN_POINT('',(7.18,-0.32,6.12679491924311));
#5448=CARTESIAN_POINT('',(7.18,-0.32,6.12679491924311));
#5449=VECTOR('',#5450,1.);
#5450=DIRECTION('',(1.,0.,0.));
#5451=CARTESIAN_POINT('',(7.18,-0.32,2.));
#5452=VECTOR('',#5453,1.);
#5453=DIRECTION('',(0.,0.,1.));
#5454=CARTESIAN_POINT('',(7.18,0.32,6.12679491924311));
#5455=VECTOR('',#5456,1.);
#5456=DIRECTION('',(0.,-1.,0.));
#5457=CARTESIAN_POINT('',(10.32,0.32,6.12679491924311));
#5458=CARTESIAN_POINT('',(9.68,0.32,6.12679491924311));
#5459=CARTESIAN_POINT('',(10.32,0.32,6.12679491924311));
#5460=VECTOR('',#5461,1.);
#5461=DIRECTION('',(-1.,0.,2.77555756156289E-015));
#5462=CARTESIAN_POINT('',(10.32,0.32,2.));
#5463=VECTOR('',#5464,1.);
#5464=DIRECTION('',(0.,0.,1.));
#5465=CARTESIAN_POINT('',(9.68,0.32,2.));
#5466=VECTOR('',#5467,1.);
#5467=DIRECTION('',(0.,0.,1.));
#5468=CARTESIAN_POINT('',(10.32,-0.32,6.12679491924311));
#5469=CARTESIAN_POINT('',(10.32,-0.32,6.12679491924311));
#5470=VECTOR('',#5471,1.);
#5471=DIRECTION('',(0.,1.,0.));
#5472=CARTESIAN_POINT('',(10.32,-0.32,2.));
#5473=VECTOR('',#5474,1.);
#5474=DIRECTION('',(0.,0.,1.));
#5475=CARTESIAN_POINT('',(9.68,-0.32,6.12679491924311));
#5476=CARTESIAN_POINT('',(9.68,-0.32,6.12679491924311));
#5477=VECTOR('',#5478,1.);
#5478=DIRECTION('',(1.,0.,2.77555756156289E-015));
#5479=CARTESIAN_POINT('',(9.68,-0.32,2.));
#5480=VECTOR('',#5481,1.);
#5481=DIRECTION('',(0.,0.,1.));
#5482=CARTESIAN_POINT('',(9.68,0.32,6.12679491924311));
#5483=VECTOR('',#5484,1.);
#5484=DIRECTION('',(0.,-1.,0.));
#5485=CARTESIAN_POINT('',(12.82,0.32,6.12679491924311));
#5486=CARTESIAN_POINT('',(12.18,0.32,6.12679491924311));
#5487=CARTESIAN_POINT('',(12.82,0.32,6.12679491924311));
#5488=VECTOR('',#5489,1.);
#5489=DIRECTION('',(-1.,0.,2.77555756156289E-015));
#5490=CARTESIAN_POINT('',(12.82,0.32,2.));
#5491=VECTOR('',#5492,1.);
#5492=DIRECTION('',(0.,0.,1.));
#5493=CARTESIAN_POINT('',(12.18,0.32,2.));
#5494=VECTOR('',#5495,1.);
#5495=DIRECTION('',(0.,0.,1.));
#5496=CARTESIAN_POINT('',(12.82,-0.32,6.12679491924311));
#5497=CARTESIAN_POINT('',(12.82,-0.32,6.12679491924311));
#5498=VECTOR('',#5499,1.);
#5499=DIRECTION('',(0.,1.,0.));
#5500=CARTESIAN_POINT('',(12.82,-0.32,2.));
#5501=VECTOR('',#5502,1.);
#5502=DIRECTION('',(0.,0.,1.));
#5503=CARTESIAN_POINT('',(12.18,-0.32,6.12679491924311));
#5504=CARTESIAN_POINT('',(12.18,-0.32,6.12679491924311));
#5505=VECTOR('',#5506,1.);
#5506=DIRECTION('',(1.,0.,2.77555756156289E-015));
#5507=CARTESIAN_POINT('',(12.18,-0.32,2.));
#5508=VECTOR('',#5509,1.);
#5509=DIRECTION('',(0.,0.,1.));
#5510=CARTESIAN_POINT('',(12.18,0.32,6.12679491924311));
#5511=VECTOR('',#5512,1.);
#5512=DIRECTION('',(0.,-1.,0.));
#5513=CARTESIAN_POINT('',(0.32,0.32,6.12679491924311));
#5514=CARTESIAN_POINT('',(-0.32,0.32,6.12679491924311));
#5515=CARTESIAN_POINT('',(0.32,0.32,6.12679491924311));
#5516=VECTOR('',#5517,1.);
#5517=DIRECTION('',(-1.,0.,0.));
#5518=CARTESIAN_POINT('',(0.32,0.32,2.));
#5519=VECTOR('',#5520,1.);
#5520=DIRECTION('',(0.,0.,1.));
#5521=CARTESIAN_POINT('',(-0.32,0.32,2.));
#5522=VECTOR('',#5523,1.);
#5523=DIRECTION('',(0.,0.,1.));
#5524=CARTESIAN_POINT('',(0.32,-0.32,6.12679491924311));
#5525=CARTESIAN_POINT('',(0.32,-0.32,6.12679491924311));
#5526=VECTOR('',#5527,1.);
#5527=DIRECTION('',(0.,1.,0.));
#5528=CARTESIAN_POINT('',(0.32,-0.32,2.));
#5529=VECTOR('',#5530,1.);
#5530=DIRECTION('',(0.,0.,1.));
#5531=CARTESIAN_POINT('',(-0.32,-0.32,6.12679491924311));
#5532=CARTESIAN_POINT('',(-0.32,-0.32,6.12679491924311));
#5533=VECTOR('',#5534,1.);
#5534=DIRECTION('',(1.,0.,0.));
#5535=CARTESIAN_POINT('',(-0.32,-0.32,2.));
#5536=VECTOR('',#5537,1.);
#5537=DIRECTION('',(0.,0.,1.));
#5538=CARTESIAN_POINT('',(-0.32,0.32,6.12679491924311));
#5539=VECTOR('',#5540,1.);
#5540=DIRECTION('',(0.,-1.,0.));
#5541=CARTESIAN_POINT('',(-1.8,-0.4,6.7));
#5542=VECTOR('',#5543,1.);
#5543=DIRECTION('',(-0.707106781186549,0.,0.707106781186546));
#5544=CARTESIAN_POINT('',(-2.1,3.15,7.));
#5545=VECTOR('',#5546,1.);
#5546=DIRECTION('',(0.577350269189627,-0.577350269189626,-0.577350269189624));
#5547=CARTESIAN_POINT('',(0.32,0.32,-3.12679491924311));
#5548=CARTESIAN_POINT('',(-0.32,0.32,-3.12679491924311));
#5549=CARTESIAN_POINT('',(0.32,0.32,-3.12679491924311));
#5550=VECTOR('',#5551,1.);
#5551=DIRECTION('',(-1.,0.,0.));
#5552=CARTESIAN_POINT('',(-0.32,0.32,-3.12679491924311));
#5553=VECTOR('',#5554,1.);
#5554=DIRECTION('',(0.,0.,1.));
#5555=CARTESIAN_POINT('',(0.32,0.32,-3.12679491924311));
#5556=VECTOR('',#5557,1.);
#5557=DIRECTION('',(0.,0.,1.));
#5558=CARTESIAN_POINT('',(-0.32,-0.32,-3.12679491924311));
#5559=CARTESIAN_POINT('',(-0.32,0.32,-3.12679491924311));
#5560=VECTOR('',#5561,1.);
#5561=DIRECTION('',(0.,-1.,0.));
#5562=CARTESIAN_POINT('',(-0.32,-0.32,-3.12679491924311));
#5563=VECTOR('',#5564,1.);
#5564=DIRECTION('',(0.,0.,1.));
#5565=CARTESIAN_POINT('',(0.32,-0.32,-3.12679491924311));
#5566=CARTESIAN_POINT('',(-0.32,-0.32,-3.12679491924311));
#5567=VECTOR('',#5568,1.);
#5568=DIRECTION('',(1.,0.,0.));
#5569=CARTESIAN_POINT('',(0.32,-0.32,-3.12679491924311));
#5570=VECTOR('',#5571,1.);
#5571=DIRECTION('',(0.,0.,1.));
#5572=CARTESIAN_POINT('',(0.32,-0.32,-3.12679491924311));
#5573=VECTOR('',#5574,1.);
#5574=DIRECTION('',(0.,1.,0.));
#5575=CARTESIAN_POINT('',(2.82,0.32,-3.12679491924311));
#5576=CARTESIAN_POINT('',(2.18,0.32,-3.12679491924311));
#5577=CARTESIAN_POINT('',(2.82,0.32,-3.12679491924311));
#5578=VECTOR('',#5579,1.);
#5579=DIRECTION('',(-1.,0.,0.));
#5580=CARTESIAN_POINT('',(2.18,0.32,-3.12679491924311));
#5581=VECTOR('',#5582,1.);
#5582=DIRECTION('',(0.,0.,1.));
#5583=CARTESIAN_POINT('',(2.82,0.32,-3.12679491924311));
#5584=VECTOR('',#5585,1.);
#5585=DIRECTION('',(0.,0.,1.));
#5586=CARTESIAN_POINT('',(2.18,-0.32,-3.12679491924311));
#5587=CARTESIAN_POINT('',(2.18,0.32,-3.12679491924311));
#5588=VECTOR('',#5589,1.);
#5589=DIRECTION('',(0.,-1.,0.));
#5590=CARTESIAN_POINT('',(2.18,-0.32,-3.12679491924311));
#5591=VECTOR('',#5592,1.);
#5592=DIRECTION('',(0.,0.,1.));
#5593=CARTESIAN_POINT('',(2.82,-0.32,-3.12679491924311));
#5594=CARTESIAN_POINT('',(2.18,-0.32,-3.12679491924311));
#5595=VECTOR('',#5596,1.);
#5596=DIRECTION('',(1.,0.,0.));
#5597=CARTESIAN_POINT('',(2.82,-0.32,-3.12679491924311));
#5598=VECTOR('',#5599,1.);
#5599=DIRECTION('',(0.,0.,1.));
#5600=CARTESIAN_POINT('',(2.82,-0.32,-3.12679491924311));
#5601=VECTOR('',#5602,1.);
#5602=DIRECTION('',(0.,1.,0.));
#5603=CARTESIAN_POINT('',(5.32,0.32,-3.12679491924311));
#5604=CARTESIAN_POINT('',(4.68,0.32,-3.12679491924311));
#5605=CARTESIAN_POINT('',(5.32,0.32,-3.12679491924311));
#5606=VECTOR('',#5607,1.);
#5607=DIRECTION('',(-1.,0.,0.));
#5608=CARTESIAN_POINT('',(4.68,0.32,-3.12679491924311));
#5609=VECTOR('',#5610,1.);
#5610=DIRECTION('',(0.,0.,1.));
#5611=CARTESIAN_POINT('',(5.32,0.32,-3.12679491924311));
#5612=VECTOR('',#5613,1.);
#5613=DIRECTION('',(0.,0.,1.));
#5614=CARTESIAN_POINT('',(4.68,-0.32,-3.12679491924311));
#5615=CARTESIAN_POINT('',(4.68,0.32,-3.12679491924311));
#5616=VECTOR('',#5617,1.);
#5617=DIRECTION('',(0.,-1.,0.));
#5618=CARTESIAN_POINT('',(4.68,-0.32,-3.12679491924311));
#5619=VECTOR('',#5620,1.);
#5620=DIRECTION('',(0.,0.,1.));
#5621=CARTESIAN_POINT('',(5.32,-0.32,-3.12679491924311));
#5622=CARTESIAN_POINT('',(4.68,-0.32,-3.12679491924311));
#5623=VECTOR('',#5624,1.);
#5624=DIRECTION('',(1.,0.,0.));
#5625=CARTESIAN_POINT('',(5.32,-0.32,-3.12679491924311));
#5626=VECTOR('',#5627,1.);
#5627=DIRECTION('',(0.,0.,1.));
#5628=CARTESIAN_POINT('',(5.32,-0.32,-3.12679491924311));
#5629=VECTOR('',#5630,1.);
#5630=DIRECTION('',(0.,1.,0.));
#5631=CARTESIAN_POINT('',(7.82,0.32,-3.12679491924311));
#5632=CARTESIAN_POINT('',(7.18,0.32,-3.12679491924311));
#5633=CARTESIAN_POINT('',(7.82,0.32,-3.12679491924311));
#5634=VECTOR('',#5635,1.);
#5635=DIRECTION('',(-1.,0.,0.));
#5636=CARTESIAN_POINT('',(7.18,0.32,-3.12679491924311));
#5637=VECTOR('',#5638,1.);
#5638=DIRECTION('',(0.,0.,1.));
#5639=CARTESIAN_POINT('',(7.82,0.32,-3.12679491924311));
#5640=VECTOR('',#5641,1.);
#5641=DIRECTION('',(0.,0.,1.));
#5642=CARTESIAN_POINT('',(7.18,-0.32,-3.12679491924311));
#5643=CARTESIAN_POINT('',(7.18,0.32,-3.12679491924311));
#5644=VECTOR('',#5645,1.);
#5645=DIRECTION('',(0.,-1.,0.));
#5646=CARTESIAN_POINT('',(7.18,-0.32,-3.12679491924311));
#5647=VECTOR('',#5648,1.);
#5648=DIRECTION('',(0.,0.,1.));
#5649=CARTESIAN_POINT('',(7.82,-0.32,-3.12679491924311));
#5650=CARTESIAN_POINT('',(7.18,-0.32,-3.12679491924311));
#5651=VECTOR('',#5652,1.);
#5652=DIRECTION('',(1.,0.,0.));
#5653=CARTESIAN_POINT('',(7.82,-0.32,-3.12679491924311));
#5654=VECTOR('',#5655,1.);
#5655=DIRECTION('',(0.,0.,1.));
#5656=CARTESIAN_POINT('',(7.82,-0.32,-3.12679491924311));
#5657=VECTOR('',#5658,1.);
#5658=DIRECTION('',(0.,1.,0.));
#5659=CARTESIAN_POINT('',(10.32,0.32,-3.12679491924311));
#5660=CARTESIAN_POINT('',(9.68,0.32,-3.12679491924311));
#5661=CARTESIAN_POINT('',(10.32,0.32,-3.12679491924311));
#5662=VECTOR('',#5663,1.);
#5663=DIRECTION('',(-1.,0.,0.));
#5664=CARTESIAN_POINT('',(9.68,0.32,-3.12679491924311));
#5665=VECTOR('',#5666,1.);
#5666=DIRECTION('',(0.,0.,1.));
#5667=CARTESIAN_POINT('',(10.32,0.32,-3.12679491924311));
#5668=VECTOR('',#5669,1.);
#5669=DIRECTION('',(0.,0.,1.));
#5670=CARTESIAN_POINT('',(9.68,-0.32,-3.12679491924311));
#5671=CARTESIAN_POINT('',(9.68,0.32,-3.12679491924311));
#5672=VECTOR('',#5673,1.);
#5673=DIRECTION('',(0.,-1.,0.));
#5674=CARTESIAN_POINT('',(9.68,-0.32,-3.12679491924311));
#5675=VECTOR('',#5676,1.);
#5676=DIRECTION('',(0.,0.,1.));
#5677=CARTESIAN_POINT('',(10.32,-0.32,-3.12679491924311));
#5678=CARTESIAN_POINT('',(9.68,-0.32,-3.12679491924311));
#5679=VECTOR('',#5680,1.);
#5680=DIRECTION('',(1.,0.,0.));
#5681=CARTESIAN_POINT('',(10.32,-0.32,-3.12679491924311));
#5682=VECTOR('',#5683,1.);
#5683=DIRECTION('',(0.,0.,1.));
#5684=CARTESIAN_POINT('',(10.32,-0.32,-3.12679491924311));
#5685=VECTOR('',#5686,1.);
#5686=DIRECTION('',(0.,1.,0.));
#5687=CARTESIAN_POINT('',(12.82,0.32,-3.12679491924311));
#5688=CARTESIAN_POINT('',(12.18,0.32,-3.12679491924311));
#5689=CARTESIAN_POINT('',(12.82,0.32,-3.12679491924311));
#5690=VECTOR('',#5691,1.);
#5691=DIRECTION('',(-1.,0.,0.));
#5692=CARTESIAN_POINT('',(12.18,0.32,-3.12679491924311));
#5693=VECTOR('',#5694,1.);
#5694=DIRECTION('',(0.,0.,1.));
#5695=CARTESIAN_POINT('',(12.82,0.32,-3.12679491924311));
#5696=VECTOR('',#5697,1.);
#5697=DIRECTION('',(0.,0.,1.));
#5698=CARTESIAN_POINT('',(12.18,-0.32,-3.12679491924311));
#5699=CARTESIAN_POINT('',(12.18,0.32,-3.12679491924311));
#5700=VECTOR('',#5701,1.);
#5701=DIRECTION('',(0.,-1.,0.));
#5702=CARTESIAN_POINT('',(12.18,-0.32,-3.12679491924311));
#5703=VECTOR('',#5704,1.);
#5704=DIRECTION('',(0.,0.,1.));
#5705=CARTESIAN_POINT('',(12.82,-0.32,-3.12679491924311));
#5706=CARTESIAN_POINT('',(12.18,-0.32,-3.12679491924311));
#5707=VECTOR('',#5708,1.);
#5708=DIRECTION('',(1.,0.,0.));
#5709=CARTESIAN_POINT('',(12.82,-0.32,-3.12679491924311));
#5710=VECTOR('',#5711,1.);
#5711=DIRECTION('',(0.,0.,1.));
#5712=CARTESIAN_POINT('',(12.82,-0.32,-3.12679491924311));
#5713=VECTOR('',#5714,1.);
#5714=DIRECTION('',(0.,1.,0.));
#5715=CARTESIAN_POINT('',(2.28,0.22,6.5));
#5716=CARTESIAN_POINT('',(2.18,0.32,6.12679491924311));
#5717=VECTOR('',#5718,1.);
#5718=DIRECTION('',(0.250562807085733,-0.250562807085729,0.935113126531029));
#5719=CARTESIAN_POINT('',(2.72,0.22,6.5));
#5720=CARTESIAN_POINT('',(2.72,0.22,6.5));
#5721=VECTOR('',#5722,1.);
#5722=DIRECTION('',(-1.,1.26161707343768E-016,0.));
#5723=CARTESIAN_POINT('',(2.82,0.320000000000001,6.12679491924311));
#5724=VECTOR('',#5725,1.);
#5725=DIRECTION('',(-0.25056280708573,-0.250562807085732,0.93511312653103));
#5726=CARTESIAN_POINT('',(2.72,-0.22,6.5));
#5727=CARTESIAN_POINT('',(2.72,-0.22,6.5));
#5728=VECTOR('',#5729,1.);
#5729=DIRECTION('',(0.,1.,0.));
#5730=CARTESIAN_POINT('',(2.82,-0.32,6.12679491924311));
#5731=VECTOR('',#5732,1.);
#5732=DIRECTION('',(-0.250562807085732,0.250562807085733,0.935113126531029));
#5733=CARTESIAN_POINT('',(2.28,-0.22,6.5));
#5734=CARTESIAN_POINT('',(2.28,-0.22,6.5));
#5735=VECTOR('',#5736,1.);
#5736=DIRECTION('',(1.,0.,0.));
#5737=CARTESIAN_POINT('',(2.18,-0.320000000000001,6.12679491924311));
#5738=VECTOR('',#5739,1.);
#5739=DIRECTION('',(0.25056280708573,0.250562807085732,0.93511312653103));
#5740=CARTESIAN_POINT('',(2.28,0.22,6.5));
#5741=VECTOR('',#5742,1.);
#5742=DIRECTION('',(0.,-1.,0.));
#5743=CARTESIAN_POINT('',(4.78,0.22,6.5));
#5744=CARTESIAN_POINT('',(4.68,0.32,6.12679491924311));
#5745=VECTOR('',#5746,1.);
#5746=DIRECTION('',(0.250562807085732,-0.250562807085733,0.935113126531029));
#5747=CARTESIAN_POINT('',(5.22,0.22,6.5));
#5748=CARTESIAN_POINT('',(5.22,0.22,6.5));
#5749=VECTOR('',#5750,1.);
#5750=DIRECTION('',(-1.,0.,0.));
#5751=CARTESIAN_POINT('',(5.32,0.320000000000001,6.12679491924311));
#5752=VECTOR('',#5753,1.);
#5753=DIRECTION('',(-0.25056280708573,-0.250562807085732,0.93511312653103));
#5754=CARTESIAN_POINT('',(5.22,-0.22,6.5));
#5755=CARTESIAN_POINT('',(5.22,-0.22,6.5));
#5756=VECTOR('',#5757,1.);
#5757=DIRECTION('',(0.,1.,0.));
#5758=CARTESIAN_POINT('',(5.32,-0.32,6.12679491924311));
#5759=VECTOR('',#5760,1.);
#5760=DIRECTION('',(-0.250562807085732,0.250562807085733,0.935113126531029));
#5761=CARTESIAN_POINT('',(4.78,-0.22,6.5));
#5762=CARTESIAN_POINT('',(4.78,-0.22,6.5));
#5763=VECTOR('',#5764,1.);
#5764=DIRECTION('',(1.,0.,0.));
#5765=CARTESIAN_POINT('',(4.68,-0.320000000000001,6.12679491924311));
#5766=VECTOR('',#5767,1.);
#5767=DIRECTION('',(0.25056280708573,0.250562807085732,0.93511312653103));
#5768=CARTESIAN_POINT('',(4.78,0.22,6.5));
#5769=VECTOR('',#5770,1.);
#5770=DIRECTION('',(0.,-1.,0.));
#5771=CARTESIAN_POINT('',(7.28,0.22,6.5));
#5772=CARTESIAN_POINT('',(7.18,0.32,6.12679491924311));
#5773=VECTOR('',#5774,1.);
#5774=DIRECTION('',(0.250562807085734,-0.250562807085733,0.935113126531029));
#5775=CARTESIAN_POINT('',(7.72,0.22,6.5));
#5776=CARTESIAN_POINT('',(7.72,0.22,6.5));
#5777=VECTOR('',#5778,1.);
#5778=DIRECTION('',(-1.,0.,0.));
#5779=CARTESIAN_POINT('',(7.82,0.320000000000001,6.12679491924311));
#5780=VECTOR('',#5781,1.);
#5781=DIRECTION('',(-0.25056280708573,-0.250562807085732,0.93511312653103));
#5782=CARTESIAN_POINT('',(7.72,-0.22,6.5));
#5783=CARTESIAN_POINT('',(7.72,-0.22,6.5));
#5784=VECTOR('',#5785,1.);
#5785=DIRECTION('',(0.,1.,0.));
#5786=CARTESIAN_POINT('',(7.82,-0.32,6.12679491924311));
#5787=VECTOR('',#5788,1.);
#5788=DIRECTION('',(-0.250562807085732,0.250562807085733,0.935113126531029));
#5789=CARTESIAN_POINT('',(7.28,-0.22,6.5));
#5790=CARTESIAN_POINT('',(7.28,-0.22,6.5));
#5791=VECTOR('',#5792,1.);
#5792=DIRECTION('',(1.,0.,0.));
#5793=CARTESIAN_POINT('',(7.18,-0.320000000000001,6.12679491924311));
#5794=VECTOR('',#5795,1.);
#5795=DIRECTION('',(0.25056280708573,0.250562807085732,0.93511312653103));
#5796=CARTESIAN_POINT('',(7.28,0.22,6.5));
#5797=VECTOR('',#5798,1.);
#5798=DIRECTION('',(0.,-1.,0.));
#5799=CARTESIAN_POINT('',(9.78,0.22,6.5));
#5800=CARTESIAN_POINT('',(9.68,0.32,6.12679491924311));
#5801=VECTOR('',#5802,1.);
#5802=DIRECTION('',(0.250562807085731,-0.250562807085731,0.93511312653103));
#5803=CARTESIAN_POINT('',(10.22,0.22,6.5));
#5804=CARTESIAN_POINT('',(10.22,0.22,6.5));
#5805=VECTOR('',#5806,1.);
#5806=DIRECTION('',(-1.,0.,0.));
#5807=CARTESIAN_POINT('',(10.32,0.320000000000001,6.12679491924311));
#5808=VECTOR('',#5809,1.);
#5809=DIRECTION('',(-0.25056280708573,-0.250562807085732,0.93511312653103));
#5810=CARTESIAN_POINT('',(10.22,-0.22,6.5));
#5811=CARTESIAN_POINT('',(10.22,-0.22,6.5));
#5812=VECTOR('',#5813,1.);
#5813=DIRECTION('',(0.,1.,0.));
#5814=CARTESIAN_POINT('',(10.32,-0.32,6.12679491924311));
#5815=VECTOR('',#5816,1.);
#5816=DIRECTION('',(-0.250562807085731,0.250562807085731,0.93511312653103));
#5817=CARTESIAN_POINT('',(9.78,-0.22,6.5));
#5818=CARTESIAN_POINT('',(9.78,-0.22,6.5));
#5819=VECTOR('',#5820,1.);
#5820=DIRECTION('',(1.,-1.26161707343767E-016,0.));
#5821=CARTESIAN_POINT('',(9.68,-0.320000000000001,6.12679491924311));
#5822=VECTOR('',#5823,1.);
#5823=DIRECTION('',(0.25056280708573,0.250562807085731,0.93511312653103));
#5824=CARTESIAN_POINT('',(9.78,0.22,6.5));
#5825=VECTOR('',#5826,1.);
#5826=DIRECTION('',(0.,-1.,0.));
#5827=CARTESIAN_POINT('',(12.28,0.22,6.5));
#5828=CARTESIAN_POINT('',(12.18,0.32,6.12679491924311));
#5829=VECTOR('',#5830,1.);
#5830=DIRECTION('',(0.250562807085731,-0.250562807085731,0.93511312653103));
#5831=CARTESIAN_POINT('',(12.72,0.22,6.5));
#5832=CARTESIAN_POINT('',(12.72,0.22,6.5));
#5833=VECTOR('',#5834,1.);
#5834=DIRECTION('',(-1.,0.,0.));
#5835=CARTESIAN_POINT('',(12.82,0.320000000000001,6.12679491924311));
#5836=VECTOR('',#5837,1.);
#5837=DIRECTION('',(-0.25056280708573,-0.250562807085732,0.93511312653103));
#5838=CARTESIAN_POINT('',(12.72,-0.22,6.5));
#5839=CARTESIAN_POINT('',(12.72,-0.22,6.5));
#5840=VECTOR('',#5841,1.);
#5841=DIRECTION('',(0.,1.,0.));
#5842=CARTESIAN_POINT('',(12.82,-0.32,6.12679491924311));
#5843=VECTOR('',#5844,1.);
#5844=DIRECTION('',(-0.250562807085731,0.250562807085731,0.93511312653103));
#5845=CARTESIAN_POINT('',(12.28,-0.22,6.5));
#5846=CARTESIAN_POINT('',(12.28,-0.22,6.5));
#5847=VECTOR('',#5848,1.);
#5848=DIRECTION('',(1.,-1.26161707343767E-016,0.));
#5849=CARTESIAN_POINT('',(12.18,-0.320000000000001,6.12679491924311));
#5850=VECTOR('',#5851,1.);
#5851=DIRECTION('',(0.25056280708573,0.250562807085731,0.93511312653103));
#5852=CARTESIAN_POINT('',(12.28,0.22,6.5));
#5853=VECTOR('',#5854,1.);
#5854=DIRECTION('',(0.,-1.,0.));
#5855=CARTESIAN_POINT('',(-0.22,0.22,6.5));
#5856=CARTESIAN_POINT('',(-0.32,0.32,6.12679491924311));
#5857=VECTOR('',#5858,1.);
#5858=DIRECTION('',(0.250562807085732,-0.250562807085733,0.935113126531029));
#5859=CARTESIAN_POINT('',(0.22,0.22,6.5));
#5860=CARTESIAN_POINT('',(0.22,0.22,6.5));
#5861=VECTOR('',#5862,1.);
#5862=DIRECTION('',(-1.,0.,0.));
#5863=CARTESIAN_POINT('',(0.32,0.320000000000001,6.12679491924311));
#5864=VECTOR('',#5865,1.);
#5865=DIRECTION('',(-0.25056280708573,-0.250562807085732,0.93511312653103));
#5866=CARTESIAN_POINT('',(0.22,-0.22,6.5));
#5867=CARTESIAN_POINT('',(0.22,-0.22,6.5));
#5868=VECTOR('',#5869,1.);
#5869=DIRECTION('',(0.,1.,0.));
#5870=CARTESIAN_POINT('',(0.32,-0.32,6.12679491924311));
#5871=VECTOR('',#5872,1.);
#5872=DIRECTION('',(-0.250562807085732,0.250562807085733,0.935113126531029));
#5873=CARTESIAN_POINT('',(-0.22,-0.22,6.5));
#5874=CARTESIAN_POINT('',(-0.22,-0.22,6.5));
#5875=VECTOR('',#5876,1.);
#5876=DIRECTION('',(1.,0.,0.));
#5877=CARTESIAN_POINT('',(-0.32,-0.320000000000001,6.12679491924311));
#5878=VECTOR('',#5879,1.);
#5879=DIRECTION('',(0.25056280708573,0.250562807085732,0.93511312653103));
#5880=CARTESIAN_POINT('',(-0.22,0.22,6.5));
#5881=VECTOR('',#5882,1.);
#5882=DIRECTION('',(-1.26161707343768E-016,-1.,0.));
#5883=CARTESIAN_POINT('',(0.22,0.22,-3.5));
#5884=CARTESIAN_POINT('',(0.32,0.32,-3.12679491924311));
#5885=VECTOR('',#5886,1.);
#5886=DIRECTION('',(-0.250562807085732,-0.250562807085732,-0.935113126531029));
#5887=CARTESIAN_POINT('',(-0.22,0.22,-3.5));
#5888=CARTESIAN_POINT('',(0.22,0.22,-3.5));
#5889=VECTOR('',#5890,1.);
#5890=DIRECTION('',(-1.,0.,0.));
#5891=CARTESIAN_POINT('',(-0.32,0.32,-3.12679491924311));
#5892=VECTOR('',#5893,1.);
#5893=DIRECTION('',(0.250562807085731,-0.250562807085732,-0.935113126531029));
#5894=CARTESIAN_POINT('',(-0.22,-0.22,-3.5));
#5895=CARTESIAN_POINT('',(-0.22,0.22,-3.5));
#5896=VECTOR('',#5897,1.);
#5897=DIRECTION('',(-1.26161707343768E-016,-1.,0.));
#5898=CARTESIAN_POINT('',(-0.32,-0.32,-3.12679491924311));
#5899=VECTOR('',#5900,1.);
#5900=DIRECTION('',(0.250562807085732,0.250562807085732,-0.935113126531029));
#5901=CARTESIAN_POINT('',(0.22,-0.22,-3.5));
#5902=CARTESIAN_POINT('',(-0.22,-0.22,-3.5));
#5903=VECTOR('',#5904,1.);
#5904=DIRECTION('',(1.,0.,0.));
#5905=CARTESIAN_POINT('',(0.32,-0.32,-3.12679491924311));
#5906=VECTOR('',#5907,1.);
#5907=DIRECTION('',(-0.250562807085731,0.250562807085732,-0.935113126531029));
#5908=CARTESIAN_POINT('',(0.22,-0.22,-3.5));
#5909=VECTOR('',#5910,1.);
#5910=DIRECTION('',(0.,1.,0.));
#5911=CARTESIAN_POINT('',(2.72,0.22,-3.5));
#5912=CARTESIAN_POINT('',(2.82,0.32,-3.12679491924311));
#5913=VECTOR('',#5914,1.);
#5914=DIRECTION('',(-0.250562807085732,-0.250562807085732,-0.935113126531029));
#5915=CARTESIAN_POINT('',(2.28,0.22,-3.5));
#5916=CARTESIAN_POINT('',(2.72,0.22,-3.5));
#5917=VECTOR('',#5918,1.);
#5918=DIRECTION('',(-1.,1.26161707343768E-016,0.));
#5919=CARTESIAN_POINT('',(2.18,0.32,-3.12679491924311));
#5920=VECTOR('',#5921,1.);
#5921=DIRECTION('',(0.250562807085733,-0.250562807085732,-0.935113126531029));
#5922=CARTESIAN_POINT('',(2.28,-0.22,-3.5));
#5923=CARTESIAN_POINT('',(2.28,0.22,-3.5));
#5924=VECTOR('',#5925,1.);
#5925=DIRECTION('',(0.,-1.,0.));
#5926=CARTESIAN_POINT('',(2.18,-0.32,-3.12679491924311));
#5927=VECTOR('',#5928,1.);
#5928=DIRECTION('',(0.250562807085732,0.250562807085732,-0.935113126531029));
#5929=CARTESIAN_POINT('',(2.72,-0.22,-3.5));
#5930=CARTESIAN_POINT('',(2.28,-0.22,-3.5));
#5931=VECTOR('',#5932,1.);
#5932=DIRECTION('',(1.,0.,0.));
#5933=CARTESIAN_POINT('',(2.82,-0.32,-3.12679491924311));
#5934=VECTOR('',#5935,1.);
#5935=DIRECTION('',(-0.250562807085731,0.250562807085732,-0.93511312653103));
#5936=CARTESIAN_POINT('',(2.72,-0.22,-3.5));
#5937=VECTOR('',#5938,1.);
#5938=DIRECTION('',(0.,1.,0.));
#5939=CARTESIAN_POINT('',(5.22,0.22,-3.5));
#5940=CARTESIAN_POINT('',(5.32,0.32,-3.12679491924311));
#5941=VECTOR('',#5942,1.);
#5942=DIRECTION('',(-0.250562807085731,-0.250562807085732,-0.93511312653103));
#5943=CARTESIAN_POINT('',(4.78,0.22,-3.5));
#5944=CARTESIAN_POINT('',(5.22,0.22,-3.5));
#5945=VECTOR('',#5946,1.);
#5946=DIRECTION('',(-1.,0.,0.));
#5947=CARTESIAN_POINT('',(4.68,0.32,-3.12679491924311));
#5948=VECTOR('',#5949,1.);
#5949=DIRECTION('',(0.250562807085731,-0.250562807085732,-0.93511312653103));
#5950=CARTESIAN_POINT('',(4.78,-0.22,-3.5));
#5951=CARTESIAN_POINT('',(4.78,0.22,-3.5));
#5952=VECTOR('',#5953,1.);
#5953=DIRECTION('',(0.,-1.,0.));
#5954=CARTESIAN_POINT('',(4.68,-0.32,-3.12679491924311));
#5955=VECTOR('',#5956,1.);
#5956=DIRECTION('',(0.250562807085731,0.250562807085732,-0.93511312653103));
#5957=CARTESIAN_POINT('',(5.22,-0.22,-3.5));
#5958=CARTESIAN_POINT('',(4.78,-0.22,-3.5));
#5959=VECTOR('',#5960,1.);
#5960=DIRECTION('',(1.,0.,0.));
#5961=CARTESIAN_POINT('',(5.32,-0.32,-3.12679491924311));
#5962=VECTOR('',#5963,1.);
#5963=DIRECTION('',(-0.250562807085731,0.250562807085732,-0.93511312653103));
#5964=CARTESIAN_POINT('',(5.22,-0.22,-3.5));
#5965=VECTOR('',#5966,1.);
#5966=DIRECTION('',(0.,1.,0.));
#5967=CARTESIAN_POINT('',(7.72,0.22,-3.5));
#5968=CARTESIAN_POINT('',(7.82,0.32,-3.12679491924311));
#5969=VECTOR('',#5970,1.);
#5970=DIRECTION('',(-0.250562807085731,-0.250562807085732,-0.93511312653103));
#5971=CARTESIAN_POINT('',(7.28,0.22,-3.5));
#5972=CARTESIAN_POINT('',(7.72,0.22,-3.5));
#5973=VECTOR('',#5974,1.);
#5974=DIRECTION('',(-1.,0.,0.));
#5975=CARTESIAN_POINT('',(7.18,0.32,-3.12679491924311));
#5976=VECTOR('',#5977,1.);
#5977=DIRECTION('',(0.250562807085733,-0.250562807085732,-0.935113126531029));
#5978=CARTESIAN_POINT('',(7.28,-0.22,-3.5));
#5979=CARTESIAN_POINT('',(7.28,0.22,-3.5));
#5980=VECTOR('',#5981,1.);
#5981=DIRECTION('',(0.,-1.,0.));
#5982=CARTESIAN_POINT('',(7.18,-0.32,-3.12679491924311));
#5983=VECTOR('',#5984,1.);
#5984=DIRECTION('',(0.250562807085731,0.250562807085732,-0.93511312653103));
#5985=CARTESIAN_POINT('',(7.72,-0.22,-3.5));
#5986=CARTESIAN_POINT('',(7.28,-0.22,-3.5));
#5987=VECTOR('',#5988,1.);
#5988=DIRECTION('',(1.,0.,0.));
#5989=CARTESIAN_POINT('',(7.82,-0.32,-3.12679491924311));
#5990=VECTOR('',#5991,1.);
#5991=DIRECTION('',(-0.250562807085731,0.250562807085732,-0.93511312653103));
#5992=CARTESIAN_POINT('',(7.72,-0.22,-3.5));
#5993=VECTOR('',#5994,1.);
#5994=DIRECTION('',(0.,1.,0.));
#5995=CARTESIAN_POINT('',(10.22,0.22,-3.5));
#5996=CARTESIAN_POINT('',(10.32,0.32,-3.12679491924311));
#5997=VECTOR('',#5998,1.);
#5998=DIRECTION('',(-0.250562807085731,-0.250562807085732,-0.93511312653103));
#5999=CARTESIAN_POINT('',(9.78,0.22,-3.5));
#6000=CARTESIAN_POINT('',(10.22,0.22,-3.5));
#6001=VECTOR('',#6002,1.);
#6002=DIRECTION('',(-1.,0.,0.));
#6003=CARTESIAN_POINT('',(9.68,0.32,-3.12679491924311));
#6004=VECTOR('',#6005,1.);
#6005=DIRECTION('',(0.250562807085731,-0.250562807085732,-0.93511312653103));
#6006=CARTESIAN_POINT('',(9.78,-0.22,-3.5));
#6007=CARTESIAN_POINT('',(9.78,0.22,-3.5));
#6008=VECTOR('',#6009,1.);
#6009=DIRECTION('',(0.,-1.,0.));
#6010=CARTESIAN_POINT('',(9.68,-0.32,-3.12679491924311));
#6011=VECTOR('',#6012,1.);
#6012=DIRECTION('',(0.250562807085731,0.250562807085731,-0.93511312653103));
#6013=CARTESIAN_POINT('',(10.22,-0.22,-3.5));
#6014=CARTESIAN_POINT('',(9.78,-0.22,-3.5));
#6015=VECTOR('',#6016,1.);
#6016=DIRECTION('',(1.,-1.26161707343767E-016,0.));
#6017=CARTESIAN_POINT('',(10.32,-0.32,-3.12679491924311));
#6018=VECTOR('',#6019,1.);
#6019=DIRECTION('',(-0.250562807085731,0.250562807085732,-0.93511312653103));
#6020=CARTESIAN_POINT('',(10.22,-0.22,-3.5));
#6021=VECTOR('',#6022,1.);
#6022=DIRECTION('',(0.,1.,0.));
#6023=CARTESIAN_POINT('',(12.72,0.22,-3.5));
#6024=CARTESIAN_POINT('',(12.82,0.32,-3.12679491924311));
#6025=VECTOR('',#6026,1.);
#6026=DIRECTION('',(-0.250562807085731,-0.250562807085732,-0.93511312653103));
#6027=CARTESIAN_POINT('',(12.28,0.22,-3.5));
#6028=CARTESIAN_POINT('',(12.72,0.22,-3.5));
#6029=VECTOR('',#6030,1.);
#6030=DIRECTION('',(-1.,0.,0.));
#6031=CARTESIAN_POINT('',(12.18,0.32,-3.12679491924311));
#6032=VECTOR('',#6033,1.);
#6033=DIRECTION('',(0.250562807085731,-0.250562807085732,-0.93511312653103));
#6034=CARTESIAN_POINT('',(12.28,-0.22,-3.5));
#6035=CARTESIAN_POINT('',(12.28,0.22,-3.5));
#6036=VECTOR('',#6037,1.);
#6037=DIRECTION('',(0.,-1.,0.));
#6038=CARTESIAN_POINT('',(12.18,-0.32,-3.12679491924311));
#6039=VECTOR('',#6040,1.);
#6040=DIRECTION('',(0.250562807085731,0.250562807085731,-0.93511312653103));
#6041=CARTESIAN_POINT('',(12.72,-0.22,-3.5));
#6042=CARTESIAN_POINT('',(12.28,-0.22,-3.5));
#6043=VECTOR('',#6044,1.);
#6044=DIRECTION('',(1.,-1.26161707343767E-016,0.));
#6045=CARTESIAN_POINT('',(12.82,-0.32,-3.12679491924311));
#6046=VECTOR('',#6047,1.);
#6047=DIRECTION('',(-0.250562807085731,0.250562807085732,-0.93511312653103));
#6048=CARTESIAN_POINT('',(12.72,-0.22,-3.5));
#6049=VECTOR('',#6050,1.);
#6050=DIRECTION('',(0.,1.,0.));
ENDSEC;
END-ISO-10303-21;
